index,threshold,content_id
0,0.95,_
1,0.95,Anton:/../c-mat-1-us/topic-01-numbers-and-counting/block-01-review-counting-1-to-10/level-02
2,0.9266666666666667,Anton:/../c-mat-1-us/topic-01-numbers-and-counting/block-01-review-counting-1-to-10/level-03
3,0.9379209370424598,Anton:/../c-mat-1-us/topic-01-numbers-and-counting/block-02-review-counting-1-to-20/level-01
4,0.95,Anton:/../c-mat-1-us/topic-01-numbers-and-counting/block-02-review-counting-1-to-20/level-03
5,0.95,Anton:/../c-mat-1-us/topic-01-numbers-and-counting/block-03-counting-1-to-120/level-02
6,0.9376892430278885,Anton:/../c-mat-1-us/topic-01-numbers-and-counting/block-03-counting-1-to-120/level-03
7,0.9394366197183099,Anton:/../c-mat-1-us/topic-01-numbers-and-counting/block-03-counting-1-to-120/level-04
8,0.9414448669201522,Anton:/../c-mat-1-us/topic-01-numbers-and-counting/block-03-counting-1-to-120/level-06
9,0.9080131723380901,Anton:/../c-mat-1-us/topic-01-numbers-and-counting/block-03-counting-1-to-120/level-07
10,0.95,Anton:/../c-mat-1-us/topic-01-numbers-and-counting/block-04-counting-by-tens/level-01
11,0.95,Anton:/../c-mat-1-us/topic-01-numbers-and-counting/block-04-counting-by-tens/level-02
12,0.95,Anton:/../c-mat-1-us/topic-01-numbers-and-counting/block-04-counting-by-tens/level-03
13,0.95,Anton:/../c-mat-1-us/topic-01-numbers-and-counting/block-04-counting-by-tens/level-04
14,0.939877300613497,Anton:/../c-mat-1-us/topic-01-numbers-and-counting/block-04-counting-by-tens/level-05
15,0.95,Anton:/../c-mat-1-us/topic-01-numbers-and-counting/block-04-counting-by-tens/level-06
16,0.95,Anton:/../c-mat-1-us/topic-01-numbers-and-counting/block-04-counting-by-tens/level-07
17,0.95,Anton:/../c-mat-1-us/topic-01-numbers-and-counting/block-04-counting-by-tens/level-08
18,0.9327044025157233,Anton:/../c-mat-1-us/topic-01-numbers-and-counting/block-04-counting-by-tens/level-09
19,0.95,Anton:/../c-mat-1-us/topic-01-numbers-and-counting/block-04-counting-by-tens/level-test
20,0.9304615384615385,Anton:/../c-mat-1-us/topic-01-numbers-and-counting/block-05-counting-by-fives/level-02
21,0.9404682274247492,Anton:/../c-mat-1-us/topic-01-numbers-and-counting/block-05-counting-by-fives/level-03
22,0.95,Anton:/../c-mat-1-us/topic-01-numbers-and-counting/block-05-counting-by-fives/level-04
23,0.9236749116607774,Anton:/../c-mat-1-us/topic-01-numbers-and-counting/block-05-counting-by-fives/level-05
24,0.8329519450800916,Anton:/../c-mat-1-us/topic-01-numbers-and-counting/block-05-counting-by-fives/level-06
25,0.95,Anton:/../c-mat-1-us/topic-01-numbers-and-counting/block-05-counting-by-fives/level-07
26,0.95,Anton:/../c-mat-1-us/topic-01-numbers-and-counting/block-05-counting-by-fives/level-08
27,0.95,Anton:/../c-mat-1-us/topic-01-numbers-and-counting/block-05-counting-by-fives/level-09
28,0.9133501259445844,Anton:/../c-mat-1-us/topic-01-numbers-and-counting/block-05-counting-by-fives/level-10
29,0.95,Anton:/../c-mat-1-us/topic-01-numbers-and-counting/block-05-counting-by-fives/level-test
30,0.95,Anton:/../c-mat-1-us/topic-01-numbers-and-counting/block-06-review-number-words/level-01
31,0.95,Anton:/../c-mat-1-us/topic-01-numbers-and-counting/block-06-review-number-words/level-02
32,0.95,Anton:/../c-mat-1-us/topic-01-numbers-and-counting/block-06-review-number-words/level-03
33,0.9036350677120457,Anton:/../c-mat-1-us/topic-01-numbers-and-counting/block-06-review-number-words/level-04
34,0.95,Anton:/../c-mat-1-us/topic-01-numbers-and-counting/block-06-review-number-words/level-05
35,0.95,Anton:/../c-mat-1-us/topic-01-numbers-and-counting/block-06-review-number-words/level-06
36,0.9465437788018434,Anton:/../c-mat-1-us/topic-01-numbers-and-counting/block-06-review-number-words/level-test
37,0.95,Anton:/../c-mat-1-us/topic-02-add-and-subtract-within-20/block-01-add-within-10/level-01
38,0.95,Anton:/../c-mat-1-us/topic-02-add-and-subtract-within-20/block-01-add-within-10/level-02
39,0.95,Anton:/../c-mat-1-us/topic-02-add-and-subtract-within-20/block-01-add-within-10/level-03
40,0.9428120063191154,Anton:/../c-mat-1-us/topic-02-add-and-subtract-within-20/block-01-add-within-10/level-04
41,0.95,Anton:/../c-mat-1-us/topic-02-add-and-subtract-within-20/block-01-add-within-10/level-05
42,0.95,Anton:/../c-mat-1-us/topic-02-add-and-subtract-within-20/block-01-add-within-10/level-06
43,0.9,Anton:/../c-mat-1-us/topic-02-add-and-subtract-within-20/block-01-add-within-10/level-07
44,0.95,Anton:/../c-mat-1-us/topic-02-add-and-subtract-within-20/block-01-add-within-10/level-08
45,0.95,Anton:/../c-mat-1-us/topic-02-add-and-subtract-within-20/block-01-add-within-10/level-test
46,0.95,Anton:/../c-mat-1-us/topic-02-add-and-subtract-within-20/block-02-subtract-within-10/level-01
47,0.9323353293413175,Anton:/../c-mat-1-us/topic-02-add-and-subtract-within-20/block-02-subtract-within-10/level-02
48,0.9052631578947369,Anton:/../c-mat-1-us/topic-02-add-and-subtract-within-20/block-02-subtract-within-10/level-03
49,0.95,Anton:/../c-mat-1-us/topic-02-add-and-subtract-within-20/block-02-subtract-within-10/level-04
50,0.95,Anton:/../c-mat-1-us/topic-02-add-and-subtract-within-20/block-02-subtract-within-10/level-05
51,0.8266666666666667,Anton:/../c-mat-1-us/topic-02-add-and-subtract-within-20/block-02-subtract-within-10/level-06
52,0.95,Anton:/../c-mat-1-us/topic-02-add-and-subtract-within-20/block-02-subtract-within-10/level-07
53,0.9400000000000001,Anton:/../c-mat-1-us/topic-02-add-and-subtract-within-20/block-02-subtract-within-10/level-08
54,0.9430463576158941,Anton:/../c-mat-1-us/topic-02-add-and-subtract-within-20/block-02-subtract-within-10/level-09
55,0.95,Anton:/../c-mat-1-us/topic-02-add-and-subtract-within-20/block-02-subtract-within-10/level-test
56,0.9196374622356496,Anton:/../c-mat-1-us/topic-02-add-and-subtract-within-20/block-03-add-within-20/level-01
57,0.95,Anton:/../c-mat-1-us/topic-02-add-and-subtract-within-20/block-03-add-within-20/level-02
58,0.9220611916264091,Anton:/../c-mat-1-us/topic-02-add-and-subtract-within-20/block-03-add-within-20/level-03
59,0.95,Anton:/../c-mat-1-us/topic-02-add-and-subtract-within-20/block-03-add-within-20/level-04
60,0.9379844961240311,Anton:/../c-mat-1-us/topic-02-add-and-subtract-within-20/block-03-add-within-20/level-05
61,0.95,Anton:/../c-mat-1-us/topic-02-add-and-subtract-within-20/block-03-add-within-20/level-06
62,0.9227436823104693,Anton:/../c-mat-1-us/topic-02-add-and-subtract-within-20/block-03-add-within-20/level-07
63,0.95,Anton:/../c-mat-1-us/topic-02-add-and-subtract-within-20/block-03-add-within-20/level-08
64,0.95,Anton:/../c-mat-1-us/topic-02-add-and-subtract-within-20/block-03-add-within-20/level-test
65,0.95,Anton:/../c-mat-1-us/topic-03-addition-and-subtraction-strategies/block-01-partners-of-ten/level-01
66,0.8333333333333334,Anton:/../c-mat-1-us/topic-03-addition-and-subtraction-strategies/block-01-partners-of-ten/level-02
67,0.9264705882352942,Anton:/../c-mat-1-us/topic-03-addition-and-subtraction-strategies/block-01-partners-of-ten/level-03
68,0.95,Anton:/../c-mat-1-us/topic-03-addition-and-subtraction-strategies/block-01-partners-of-ten/level-04
69,0.9369509043927648,Anton:/../c-mat-1-us/topic-03-addition-and-subtraction-strategies/block-01-partners-of-ten/level-05
70,0.95,Anton:/../c-mat-1-us/topic-03-addition-and-subtraction-strategies/block-01-partners-of-ten/level-06
71,0.8857142857142858,Anton:/../c-mat-1-us/topic-03-addition-and-subtraction-strategies/block-01-partners-of-ten/level-test
72,0.95,Anton:/../c-mat-1-us/topic-03-addition-and-subtraction-strategies/block-02-patterns-01/level-01
73,0.9440000000000001,Anton:/../c-mat-1-us/topic-03-addition-and-subtraction-strategies/block-02-patterns-01/level-02
74,0.95,Anton:/../c-mat-1-us/topic-03-addition-and-subtraction-strategies/block-02-patterns-01/level-03
75,0.947634069400631,Anton:/../c-mat-1-us/topic-03-addition-and-subtraction-strategies/block-02-patterns-01/level-04
76,0.95,Anton:/../c-mat-1-us/topic-03-addition-and-subtraction-strategies/block-02-patterns-01/level-05
77,0.9419847328244275,Anton:/../c-mat-1-us/topic-03-addition-and-subtraction-strategies/block-02-patterns-01/level-06
78,0.95,Anton:/../c-mat-1-us/topic-03-addition-and-subtraction-strategies/block-02-patterns-01/level-07
79,0.9476190476190477,Anton:/../c-mat-1-us/topic-03-addition-and-subtraction-strategies/block-02-patterns-01/level-08
80,0.95,Anton:/../c-mat-1-us/topic-03-addition-and-subtraction-strategies/block-02-patterns-01/level-test
81,0.8910798122065728,Anton:/../c-mat-1-us/topic-03-addition-and-subtraction-strategies/block-03-patterns-02/level-01
82,0.8793103448275863,Anton:/../c-mat-1-us/topic-03-addition-and-subtraction-strategies/block-03-patterns-02/level-02
83,0.8428571428571429,Anton:/../c-mat-1-us/topic-03-addition-and-subtraction-strategies/block-03-patterns-02/level-03
84,0.9049180327868853,Anton:/../c-mat-1-us/topic-03-addition-and-subtraction-strategies/block-03-patterns-02/level-04
85,0.8297872340425533,Anton:/../c-mat-1-us/topic-03-addition-and-subtraction-strategies/block-03-patterns-02/level-test
86,0.9063136456211813,Anton:/../c-mat-1-us/topic-03-addition-and-subtraction-strategies/block-04-number-lines-addition/level-01
87,0.95,Anton:/../c-mat-1-us/topic-03-addition-and-subtraction-strategies/block-04-number-lines-addition/level-02
88,0.95,Anton:/../c-mat-1-us/topic-03-addition-and-subtraction-strategies/block-04-number-lines-addition/level-03
89,0.95,Anton:/../c-mat-1-us/topic-03-addition-and-subtraction-strategies/block-04-number-lines-addition/level-04
90,0.8380952380952381,Anton:/../c-mat-1-us/topic-03-addition-and-subtraction-strategies/block-04-number-lines-addition/level-05
91,0.8705882352941177,Anton:/../c-mat-1-us/topic-03-addition-and-subtraction-strategies/block-04-number-lines-addition/level-06
92,0.949208025343189,Anton:/../c-mat-1-us/topic-03-addition-and-subtraction-strategies/block-04-number-lines-addition/level-07
93,0.8545454545454546,Anton:/../c-mat-1-us/topic-03-addition-and-subtraction-strategies/block-04-number-lines-addition/level-test
94,0.9134328358208956,Anton:/../c-mat-1-us/topic-03-addition-and-subtraction-strategies/block-05-number-lines-subtraction/level-01
95,0.9247637051039698,Anton:/../c-mat-1-us/topic-03-addition-and-subtraction-strategies/block-05-number-lines-subtraction/level-02
96,0.95,Anton:/../c-mat-1-us/topic-03-addition-and-subtraction-strategies/block-05-number-lines-subtraction/level-03
97,0.95,Anton:/../c-mat-1-us/topic-03-addition-and-subtraction-strategies/block-05-number-lines-subtraction/level-04
98,0.8613333333333334,Anton:/../c-mat-1-us/topic-03-addition-and-subtraction-strategies/block-05-number-lines-subtraction/level-05
99,0.8916666666666667,Anton:/../c-mat-1-us/topic-03-addition-and-subtraction-strategies/block-05-number-lines-subtraction/level-06
100,0.95,Anton:/../c-mat-1-us/topic-03-addition-and-subtraction-strategies/block-05-number-lines-subtraction/level-07
101,0.8500000000000001,Anton:/../c-mat-1-us/topic-03-addition-and-subtraction-strategies/block-05-number-lines-subtraction/level-test
102,0.95,Anton:/../c-mat-1-us/topic-03-addition-and-subtraction-strategies/block-06-using-doubles/level-01
103,0.9370508054522925,Anton:/../c-mat-1-us/topic-03-addition-and-subtraction-strategies/block-06-using-doubles/level-02
104,0.9152647975077882,Anton:/../c-mat-1-us/topic-03-addition-and-subtraction-strategies/block-06-using-doubles/level-03
105,0.95,Anton:/../c-mat-1-us/topic-03-addition-and-subtraction-strategies/block-06-using-doubles/level-04
106,0.95,Anton:/../c-mat-1-us/topic-03-addition-and-subtraction-strategies/block-06-using-doubles/level-05
107,0.9222641509433963,Anton:/../c-mat-1-us/topic-03-addition-and-subtraction-strategies/block-06-using-doubles/level-06
108,0.9303144654088051,Anton:/../c-mat-1-us/topic-03-addition-and-subtraction-strategies/block-06-using-doubles/level-07
109,0.95,Anton:/../c-mat-1-us/topic-03-addition-and-subtraction-strategies/block-06-using-doubles/level-test
110,0.8933333333333334,Anton:/../c-mat-1-us/topic-03-addition-and-subtraction-strategies/block-07-related-addition/level-01
111,0.95,Anton:/../c-mat-1-us/topic-03-addition-and-subtraction-strategies/block-07-related-addition/level-02
112,0.95,Anton:/../c-mat-1-us/topic-03-addition-and-subtraction-strategies/block-07-related-addition/level-03
113,0.9355704697986578,Anton:/../c-mat-1-us/topic-03-addition-and-subtraction-strategies/block-07-related-addition/level-04
114,0.9142857142857144,Anton:/../c-mat-1-us/topic-03-addition-and-subtraction-strategies/block-07-related-addition/level-test
115,0.8421052631578948,Anton:/../c-mat-1-us/topic-03-addition-and-subtraction-strategies/block-08-related-subtraction/level-01
116,0.95,Anton:/../c-mat-1-us/topic-03-addition-and-subtraction-strategies/block-08-related-subtraction/level-02
117,0.95,Anton:/../c-mat-1-us/topic-03-addition-and-subtraction-strategies/block-08-related-subtraction/level-03
118,0.9106382978723405,Anton:/../c-mat-1-us/topic-03-addition-and-subtraction-strategies/block-08-related-subtraction/level-04
119,0.8828282828282829,Anton:/../c-mat-1-us/topic-03-addition-and-subtraction-strategies/block-08-related-subtraction/level-test
120,0.8623376623376624,Anton:/../c-mat-1-us/topic-03-addition-and-subtraction-strategies/block-09-related-addition-and-subtraction/level-01
121,0.8595744680851064,Anton:/../c-mat-1-us/topic-03-addition-and-subtraction-strategies/block-09-related-addition-and-subtraction/level-02
122,0.95,Anton:/../c-mat-1-us/topic-03-addition-and-subtraction-strategies/block-09-related-addition-and-subtraction/level-03
123,0.9457142857142857,Anton:/../c-mat-1-us/topic-03-addition-and-subtraction-strategies/block-09-related-addition-and-subtraction/level-04
124,0.8589147286821706,Anton:/../c-mat-1-us/topic-03-addition-and-subtraction-strategies/block-09-related-addition-and-subtraction/level-05
125,0.9233333333333333,Anton:/../c-mat-1-us/topic-03-addition-and-subtraction-strategies/block-09-related-addition-and-subtraction/level-06
126,0.8245614035087719,Anton:/../c-mat-1-us/topic-03-addition-and-subtraction-strategies/block-09-related-addition-and-subtraction/level-test
127,0.9313807531380753,Anton:/../c-mat-1-us/topic-03-addition-and-subtraction-strategies/block-10-using-ten/level-01
128,0.9257575757575758,Anton:/../c-mat-1-us/topic-03-addition-and-subtraction-strategies/block-10-using-ten/level-02
129,0.95,Anton:/../c-mat-1-us/topic-03-addition-and-subtraction-strategies/block-10-using-ten/level-03
130,0.95,Anton:/../c-mat-1-us/topic-03-addition-and-subtraction-strategies/block-10-using-ten/level-04
131,0.9045045045045046,Anton:/../c-mat-1-us/topic-03-addition-and-subtraction-strategies/block-10-using-ten/level-05
132,0.939080459770115,Anton:/../c-mat-1-us/topic-03-addition-and-subtraction-strategies/block-10-using-ten/level-06
133,0.8796915167095116,Anton:/../c-mat-1-us/topic-03-addition-and-subtraction-strategies/block-10-using-ten/level-test
134,0.8721311475409836,Anton:/../c-mat-1-us/topic-03-addition-and-subtraction-strategies/block-11-add-up-to-ten/level-01
135,0.8190476190476191,Anton:/../c-mat-1-us/topic-03-addition-and-subtraction-strategies/block-11-add-up-to-ten/level-02
136,0.827027027027027,Anton:/../c-mat-1-us/topic-03-addition-and-subtraction-strategies/block-11-add-up-to-ten/level-03
137,0.81,Anton:/../c-mat-1-us/topic-03-addition-and-subtraction-strategies/block-11-add-up-to-ten/level-04
138,0.8852713178294574,Anton:/../c-mat-1-us/topic-03-addition-and-subtraction-strategies/block-11-add-up-to-ten/level-05
139,0.8588235294117648,Anton:/../c-mat-1-us/topic-03-addition-and-subtraction-strategies/block-11-add-up-to-ten/level-test
140,0.904888888888889,Anton:/../c-mat-1-us/topic-03-addition-and-subtraction-strategies/block-12-adding-eight-nine/level-01
141,0.8865546218487396,Anton:/../c-mat-1-us/topic-03-addition-and-subtraction-strategies/block-12-adding-eight-nine/level-02
142,0.881720430107527,Anton:/../c-mat-1-us/topic-03-addition-and-subtraction-strategies/block-12-adding-eight-nine/level-03
143,0.9444444444444445,Anton:/../c-mat-1-us/topic-03-addition-and-subtraction-strategies/block-12-adding-eight-nine/level-04
144,0.9011111111111112,Anton:/../c-mat-1-us/topic-03-addition-and-subtraction-strategies/block-12-adding-eight-nine/level-05
145,0.8725978647686833,Anton:/../c-mat-1-us/topic-03-addition-and-subtraction-strategies/block-12-adding-eight-nine/level-06
146,0.8932862190812721,Anton:/../c-mat-1-us/topic-03-addition-and-subtraction-strategies/block-12-adding-eight-nine/level-07
147,0.9494082840236687,Anton:/../c-mat-1-us/topic-03-addition-and-subtraction-strategies/block-12-adding-eight-nine/level-08
148,0.9003367003367004,Anton:/../c-mat-1-us/topic-03-addition-and-subtraction-strategies/block-12-adding-eight-nine/level-test
149,0.9068435754189945,Anton:/../c-mat-1-us/topic-03-addition-and-subtraction-strategies/block-13-using-doubles-in-addition/level-01
150,0.883916083916084,Anton:/../c-mat-1-us/topic-03-addition-and-subtraction-strategies/block-13-using-doubles-in-addition/level-02
151,0.8531365313653136,Anton:/../c-mat-1-us/topic-03-addition-and-subtraction-strategies/block-13-using-doubles-in-addition/level-03
152,0.8760330578512397,Anton:/../c-mat-1-us/topic-03-addition-and-subtraction-strategies/block-13-using-doubles-in-addition/level-04
153,0.95,Anton:/../c-mat-1-us/topic-03-addition-and-subtraction-strategies/block-13-using-doubles-in-addition/level-05
154,0.9367272727272727,Anton:/../c-mat-1-us/topic-03-addition-and-subtraction-strategies/block-13-using-doubles-in-addition/level-06
155,0.9314666666666667,Anton:/../c-mat-1-us/topic-03-addition-and-subtraction-strategies/block-13-using-doubles-in-addition/level-test
156,0.9389312977099238,Anton:/../c-mat-1-us/topic-04-comparing-numbers/block-01-order-numbers/level-02
157,0.95,Anton:/../c-mat-1-us/topic-04-comparing-numbers/block-01-order-numbers/level-06
158,0.9444105070250459,Anton:/../c-mat-1-us/topic-04-comparing-numbers/block-01-order-numbers/level-08
159,0.95,Anton:/../c-mat-1-us/topic-04-comparing-numbers/block-02-compare-numbers-1-to-10/level-01
160,0.95,Anton:/../c-mat-1-us/topic-04-comparing-numbers/block-02-compare-numbers-1-to-10/level-02
161,0.95,Anton:/../c-mat-1-us/topic-04-comparing-numbers/block-02-compare-numbers-1-to-10/level-03
162,0.95,Anton:/../c-mat-1-us/topic-04-comparing-numbers/block-02-compare-numbers-1-to-10/level-04
163,0.9420976317061382,Anton:/../c-mat-1-us/topic-04-comparing-numbers/block-02-compare-numbers-1-to-10/level-05
164,0.95,Anton:/../c-mat-1-us/topic-04-comparing-numbers/block-02-compare-numbers-1-to-10/level-06
165,0.95,Anton:/../c-mat-1-us/topic-04-comparing-numbers/block-02-compare-numbers-1-to-10/level-07
166,0.9449139280125196,Anton:/../c-mat-1-us/topic-04-comparing-numbers/block-02-compare-numbers-1-to-10/level-test
167,0.95,Anton:/../c-mat-1-us/topic-04-comparing-numbers/block-03-compare-numbers-1-to-100-tens/level-01
168,0.95,Anton:/../c-mat-1-us/topic-04-comparing-numbers/block-03-compare-numbers-1-to-100-tens/level-02
169,0.95,Anton:/../c-mat-1-us/topic-04-comparing-numbers/block-03-compare-numbers-1-to-100-tens/level-03
170,0.95,Anton:/../c-mat-1-us/topic-04-comparing-numbers/block-03-compare-numbers-1-to-100-tens/level-04
171,0.9488902219556089,Anton:/../c-mat-1-us/topic-04-comparing-numbers/block-04-compare-numbers-1-to-100-non-tens/level-01
172,0.9475687103594082,Anton:/../c-mat-1-us/topic-04-comparing-numbers/block-04-compare-numbers-1-to-100-non-tens/level-02
173,0.936498150431566,Anton:/../c-mat-1-us/topic-04-comparing-numbers/block-04-compare-numbers-1-to-100-non-tens/level-03
174,0.95,Anton:/../c-mat-1-us/topic-04-comparing-numbers/block-04-compare-numbers-1-to-100-non-tens/level-04
175,0.9,Anton:/../c-mat-1-us/topic-05-place-value/block-01-ten-and-ones/level-02
176,0.95,Anton:/../c-mat-1-us/topic-05-place-value/block-01-ten-and-ones/level-03
177,0.95,Anton:/../c-mat-1-us/topic-05-place-value/block-01-ten-and-ones/level-04
178,0.8928905727657679,Anton:/../c-mat-1-us/topic-05-place-value/block-02-tens/level-01
179,0.9249338274219164,Anton:/../c-mat-1-us/topic-05-place-value/block-02-tens/level-02
180,0.95,Anton:/../c-mat-1-us/topic-05-place-value/block-02-tens/level-03
181,0.8623145400593473,Anton:/../c-mat-1-us/topic-05-place-value/block-02-tens/level-04
182,0.909782001117943,Anton:/../c-mat-1-us/topic-05-place-value/block-02-tens/level-05
183,0.8961462450592885,Anton:/../c-mat-1-us/topic-05-place-value/block-02-tens/level-test
184,0.95,Anton:/../c-mat-1-us/topic-05-place-value/block-03-tens-and-ones/level-01
185,0.8786445012787725,Anton:/../c-mat-1-us/topic-05-place-value/block-03-tens-and-ones/level-02
186,0.8307595731324545,Anton:/../c-mat-1-us/topic-05-place-value/block-03-tens-and-ones/level-03
187,0.9185567010309279,Anton:/../c-mat-1-us/topic-05-place-value/block-03-tens-and-ones/level-04
188,0.911212814645309,Anton:/../c-mat-1-us/topic-05-place-value/block-03-tens-and-ones/level-05
189,0.9440000000000001,Anton:/../c-mat-1-us/topic-07-equations/block-01-addition-equations/level-01
190,0.95,Anton:/../c-mat-1-us/topic-07-equations/block-01-addition-equations/level-02
191,0.95,Anton:/../c-mat-1-us/topic-07-equations/block-01-addition-equations/level-03
192,0.95,Anton:/../c-mat-1-us/topic-07-equations/block-01-addition-equations/level-04
193,0.9,Anton:/../c-mat-1-us/topic-07-equations/block-01-addition-equations/level-05
194,0.9407407407407408,Anton:/../c-mat-1-us/topic-07-equations/block-01-addition-equations/level-06
195,0.8875000000000001,Anton:/../c-mat-1-us/topic-07-equations/block-01-addition-equations/level-07
196,0.8923076923076924,Anton:/../c-mat-1-us/topic-07-equations/block-02-subtraction-equations/level-01
197,0.95,Anton:/../c-mat-1-us/topic-07-equations/block-02-subtraction-equations/level-02
198,0.95,Anton:/../c-mat-1-us/topic-07-equations/block-02-subtraction-equations/level-03
199,0.81,Anton:/../c-mat-1-us/topic-07-equations/block-02-subtraction-equations/level-04
200,0.95,Anton:/../c-mat-1-us/topic-07-equations/block-02-subtraction-equations/level-05
201,0.9,Anton:/../c-mat-1-us/topic-07-equations/block-02-subtraction-equations/level-06
202,0.8342105263157895,Anton:/../c-mat-1-us/topic-07-equations/block-03-mixed-equations/level-01
203,0.95,Anton:/../c-mat-1-us/topic-07-equations/block-03-mixed-equations/level-02
204,0.9354166666666668,Anton:/../c-mat-1-us/topic-07-equations/block-03-mixed-equations/level-03
205,0.8590909090909091,Anton:/../c-mat-1-us/topic-07-equations/block-03-mixed-equations/level-04
206,0.95,Anton:/../c-mat-1-us/topic-07-equations/block-03-mixed-equations/level-05
207,0.8208955223880597,Anton:/../c-mat-1-us/topic-07-equations/block-03-mixed-equations/level-06
208,0.8771240506329114,Anton:/../c-mat-1-us/topic-09-data-and-graphs/block-01-sort-objects/level-01
209,0.8807886629698091,Anton:/../c-mat-1-us/topic-09-data-and-graphs/block-01-sort-objects/level-02
210,0.95,Anton:/../c-mat-1-us/topic-09-data-and-graphs/block-01-sort-objects/level-03
211,0.8957073434125271,Anton:/../c-mat-1-us/topic-09-data-and-graphs/block-01-sort-objects/level-test
212,0.95,Anton:/../c-mat-1-us/topic-10-shapes/block-01-two-dimensional-shapes-01/level-04
213,0.95,Anton:/../c-mat-1-us/topic-10-shapes/block-04-compare-shapes-01/level-01
214,0.95,Anton:/../c-mat-1-us/topic-10-shapes/block-04-compare-shapes-01/level-02
215,0.95,Anton:/../c-mat-1-us/topic-10-shapes/block-04-compare-shapes-01/level-03
216,0.95,Anton:/../c-mat-1-us/topic-10-shapes/block-04-compare-shapes-01/level-04
217,0.9482895783611774,Anton:/../c-mat-1-us/topic-10-shapes/block-04-compare-shapes-01/level-05
218,0.95,Anton:/../c-mat-1-us/topic-10-shapes/block-04-compare-shapes-01/level-06
219,0.95,Anton:/../c-mat-1-us/topic-10-shapes/block-04-compare-shapes-01/level-07
220,0.95,Anton:/../c-mat-1-us/topic-10-shapes/block-04-compare-shapes-01/level-08
221,0.95,Anton:/../c-mat-1-us/topic-10-shapes/block-04-compare-shapes-01/level-09
222,0.948974358974359,Anton:/../c-mat-1-us/topic-10-shapes/block-04-compare-shapes-01/level-test
223,0.95,Anton:/../c-mat-1-us/topic-10-shapes/block-05-compare-shapes-02/level-01
224,0.95,Anton:/../c-mat-1-us/topic-10-shapes/block-05-compare-shapes-02/level-02
225,0.95,Anton:/../c-mat-1-us/topic-10-shapes/block-05-compare-shapes-02/level-03
226,0.95,Anton:/../c-mat-1-us/topic-10-shapes/block-05-compare-shapes-02/level-04
227,0.95,Anton:/../c-mat-1-us/topic-10-shapes/block-05-compare-shapes-02/level-05
228,0.95,Anton:/../c-mat-1-us/topic-10-shapes/block-05-compare-shapes-02/level-06
229,0.9478357380688125,Anton:/../c-mat-1-us/topic-10-shapes/block-05-compare-shapes-02/level-07
230,0.95,Anton:/../c-mat-1-us/topic-10-shapes/block-05-compare-shapes-02/level-08
231,0.9341317365269461,Anton:/../c-mat-1-us/topic-10-shapes/block-05-compare-shapes-02/level-09
232,0.9484513274336284,Anton:/../c-mat-1-us/topic-10-shapes/block-05-compare-shapes-02/level-10
233,0.946388888888889,Anton:/../c-mat-1-us/topic-10-shapes/block-05-compare-shapes-02/level-11
234,0.8677702044790653,Anton:/../c-mat-1-us/topic-10-shapes/block-05-compare-shapes-02/level-test
235,0.95,Anton:/../c-mat-1-us/topic-10-shapes/block-06-draw-shapes/level-01
236,0.95,Anton:/../c-mat-1-us/topic-10-shapes/block-06-draw-shapes/level-02
237,0.95,Anton:/../c-mat-1-us/topic-10-shapes/block-06-draw-shapes/level-03
238,0.95,Anton:/../c-mat-1-us/topic-10-shapes/block-06-draw-shapes/level-04
239,0.95,Anton:/../c-mat-1-us/topic-10-shapes/block-06-draw-shapes/level-05
240,0.95,Anton:/../c-mat-1-us/topic-10-shapes/block-06-draw-shapes/level-06
241,0.95,Anton:/../c-mat-1-us/topic-10-shapes/block-06-draw-shapes/level-07
242,0.95,Anton:/../c-mat-1-us/topic-10-shapes/block-06-draw-shapes/level-08
243,0.95,Anton:/../c-mat-1-us/topic-10-shapes/block-06-draw-shapes/level-test
244,0.95,Anton:/../c-mat-1-us/topic-11-fractions/block-01-whole-and-equal-parts/level-01
245,0.95,Anton:/../c-mat-1-us/topic-11-fractions/block-01-whole-and-equal-parts/level-02
246,0.95,Anton:/../c-mat-1-us/topic-11-fractions/block-01-whole-and-equal-parts/level-03
247,0.95,Anton:/../c-mat-1-us/topic-11-fractions/block-01-whole-and-equal-parts/level-05
248,0.95,Anton:/../c-mat-1-us/topic-11-fractions/block-01-whole-and-equal-parts/level-06
249,0.95,Anton:/../c-mat-1-us/topic-11-fractions/block-01-whole-and-equal-parts/level-test
250,0.95,Anton:/../c-mat-1-us/topic-11-fractions/block-02-half/level-01
251,0.95,Anton:/../c-mat-1-us/topic-11-fractions/block-02-half/level-02
252,0.9485515643105447,Anton:/../c-mat-1-us/topic-11-fractions/block-02-half/level-03
253,0.95,Anton:/../c-mat-1-us/topic-11-fractions/block-02-half/level-04
254,0.9117210682492582,Anton:/../c-mat-1-us/topic-11-fractions/block-02-half/level-05
255,0.95,Anton:/../c-mat-1-us/topic-11-fractions/block-02-half/level-06
256,0.9180055401662051,Anton:/../c-mat-1-us/topic-11-fractions/block-02-half/level-test
257,0.95,Anton:/../c-mat-1-us/topic-11-fractions/block-03-fourth-and-quarter/level-01
258,0.95,Anton:/../c-mat-1-us/topic-11-fractions/block-03-fourth-and-quarter/level-02
259,0.9421516754850089,Anton:/../c-mat-1-us/topic-11-fractions/block-03-fourth-and-quarter/level-03
260,0.95,Anton:/../c-mat-1-us/topic-11-fractions/block-03-fourth-and-quarter/level-04
261,0.9337895637296836,Anton:/../c-mat-1-us/topic-11-fractions/block-03-fourth-and-quarter/level-05
262,0.95,Anton:/../c-mat-1-us/topic-11-fractions/block-03-fourth-and-quarter/level-06
263,0.9420654911838792,Anton:/../c-mat-1-us/topic-11-fractions/block-03-fourth-and-quarter/level-test
264,0.95,Anton:/../c-mat-1-us/topic-11-fractions/block-04-mixed-fractions/level-01
265,0.9462317210348707,Anton:/../c-mat-1-us/topic-11-fractions/block-04-mixed-fractions/level-02
266,0.95,Anton:/../c-mat-1-us/topic-11-fractions/block-04-mixed-fractions/level-03
267,0.95,Anton:/../c-mat-1-us/topic-11-fractions/block-04-mixed-fractions/level-04
268,0.95,Anton:/../c-mat-1-us/topic-11-fractions/block-04-mixed-fractions/level-05
269,0.95,Anton:/../c-mat-1-us/topic-11-fractions/block-04-mixed-fractions/level-06
270,0.95,Anton:/../c-mat-1-us/topic-11-fractions/block-04-mixed-fractions/level-07
271,0.95,Anton:/../c-mat-1-us/topic-11-fractions/block-04-mixed-fractions/level-test
272,0.8542098066028522,Anton:/../c-mat-2-us/topic-01-numbers-and-counting/block-01-counting-1-to-100/level-06
273,0.95,Anton:/../c-mat-2-us/topic-01-numbers-and-counting/block-01-counting-1-to-100/level-07
274,0.95,Anton:/../c-mat-2-us/topic-01-numbers-and-counting/block-02-skip-counting-to-100/level-01
275,0.95,Anton:/../c-mat-2-us/topic-01-numbers-and-counting/block-02-skip-counting-to-100/level-02
276,0.9383233532934132,Anton:/../c-mat-2-us/topic-01-numbers-and-counting/block-02-skip-counting-to-100/level-06
277,0.9341563786008231,Anton:/../c-mat-2-us/topic-01-numbers-and-counting/block-02-skip-counting-to-100/level-07
278,0.9174484052532834,Anton:/../c-mat-2-us/topic-01-numbers-and-counting/block-02-skip-counting-to-100/level-09
279,0.8881057268722468,Anton:/../c-mat-2-us/topic-01-numbers-and-counting/block-02-skip-counting-to-100/level-test
280,0.95,Anton:/../c-mat-2-us/topic-01-numbers-and-counting/block-04-skip-counting-to-1000/level-02
281,0.95,Anton:/../c-mat-2-us/topic-01-numbers-and-counting/block-04-skip-counting-to-1000/level-03
282,0.9274336283185841,Anton:/../c-mat-2-us/topic-01-numbers-and-counting/block-04-skip-counting-to-1000/level-04
283,0.95,Anton:/../c-mat-2-us/topic-01-numbers-and-counting/block-04-skip-counting-to-1000/level-07
284,0.8890109890109891,Anton:/../c-mat-2-us/topic-01-numbers-and-counting/block-04-skip-counting-to-1000/level-08
285,0.9068531468531469,Anton:/../c-mat-2-us/topic-02-place-value/block-01-tens-and-ones/level-02
286,0.9323262839879155,Anton:/../c-mat-2-us/topic-02-place-value/block-01-tens-and-ones/level-04
287,0.9452054794520548,Anton:/../c-mat-2-us/topic-02-place-value/block-01-tens-and-ones/level-05
288,0.8655737704918033,Anton:/../c-mat-2-us/topic-02-place-value/block-01-tens-and-ones/level-06
289,0.8735042735042735,Anton:/../c-mat-2-us/topic-02-place-value/block-03-hundreds-tens-and-ones/level-01
290,0.928061224489796,Anton:/../c-mat-2-us/topic-02-place-value/block-03-hundreds-tens-and-ones/level-03
291,0.8646271510516252,Anton:/../c-mat-2-us/topic-02-place-value/block-03-hundreds-tens-and-ones/level-04
292,0.9495172413793104,Anton:/../c-mat-2-us/topic-02-place-value/block-03-hundreds-tens-and-ones/level-05
293,0.9403846153846154,Anton:/../c-mat-2-us/topic-03-comparing-numbers/block-02-compare-numbers-1-to-100/level-03
294,0.95,Anton:/../c-mat-2-us/topic-03-comparing-numbers/block-03-compare-numbers-1-to-1000/level-06
295,0.95,Anton:/../c-mat-2-us/topic-04-add-and-subtract-within-20/block-01-add-within-20/level-01
296,0.922356495468278,Anton:/../c-mat-2-us/topic-04-add-and-subtract-within-20/block-01-add-within-20/level-02
297,0.9295081967213116,Anton:/../c-mat-2-us/topic-04-add-and-subtract-within-20/block-01-add-within-20/level-03
298,0.8577777777777779,Anton:/../c-mat-2-us/topic-04-add-and-subtract-within-20/block-01-add-within-20/level-06
299,0.8764705882352941,Anton:/../c-mat-2-us/topic-04-add-and-subtract-within-20/block-01-add-within-20/level-07
300,0.8900255754475703,Anton:/../c-mat-2-us/topic-04-add-and-subtract-within-20/block-01-add-within-20/level-test
301,0.8378378378378379,Anton:/../c-mat-2-us/topic-04-add-and-subtract-within-20/block-02-subtract-within-20/level-06
302,0.8763636363636365,Anton:/../c-mat-2-us/topic-04-add-and-subtract-within-20/block-02-subtract-within-20/level-07
303,0.8689655172413794,Anton:/../c-mat-2-us/topic-04-add-and-subtract-within-20/block-03-mixed-addition-and-subtraction-within-20/level-03
304,0.8408163265306123,Anton:/../c-mat-2-us/topic-04-add-and-subtract-within-20/block-03-mixed-addition-and-subtraction-within-20/level-04
305,0.95,Anton:/../c-mat-2-us/topic-04-add-and-subtract-within-20/block-03-mixed-addition-and-subtraction-within-20/level-08
306,0.8769098712446353,Anton:/../c-mat-2-us/topic-05-add-and-subtract-within-100/block-01-vertical-addition-within-100/level-02
307,0.8918072289156627,Anton:/../c-mat-2-us/topic-05-add-and-subtract-within-100/block-01-vertical-addition-within-100/level-03
308,0.8862888482632542,Anton:/../c-mat-2-us/topic-05-add-and-subtract-within-100/block-01-vertical-addition-within-100/level-04
309,0.8768044077134987,Anton:/../c-mat-2-us/topic-05-add-and-subtract-within-100/block-03-vertical-subtraction-within-100/level-02
310,0.881685393258427,Anton:/../c-mat-2-us/topic-05-add-and-subtract-within-100/block-03-vertical-subtraction-within-100/level-03
311,0.8929770992366413,Anton:/../c-mat-2-us/topic-05-add-and-subtract-within-100/block-03-vertical-subtraction-within-100/level-04
312,0.95,Anton:/../c-mat-k-us/topic-02-count/block-01-count-1-to-5/level-03
313,0.95,Anton:/../c-mat-k-us/topic-02-count/block-02-count-6-to-10/level-03
314,0.95,Anton:/../c-mat-k-us/topic-02-count/block-03-count-1-to-10/level-03
315,0.885,Anton:/../c-mat-k-us/topic-02-count/block-03-count-1-to-10/level-04
316,0.95,Anton:/../c-mat-k-us/topic-02-count/block-04-how-many/level-03
317,0.95,Anton:/../c-mat-k-us/topic-02-count/block-04-how-many/level-04
318,0.95,Anton:/../c-mat-k-us/topic-02-count/block-05-count-11-to-20/level-02
319,0.95,Anton:/../c-mat-k-us/topic-02-count/block-05-count-11-to-20/level-03
320,0.95,Anton:/../c-mat-k-us/topic-02-count/block-05-count-11-to-20/level-04
321,0.95,Anton:/../c-mat-k-us/topic-02-count/block-05-count-11-to-20/level-test
322,0.9027088036117382,Anton:/../c-mat-k-us/topic-02-count/block-06-count-1-to-20/level-02
323,0.9417837078651686,Anton:/../c-mat-k-us/topic-02-count/block-06-count-1-to-20/level-03
324,0.95,Anton:/../c-mat-k-us/topic-02-count/block-08-count-1-to-100/level-02
325,0.9404741000877963,Anton:/../c-mat-k-us/topic-02-count/block-08-count-1-to-100/level-03
326,0.9475915221579962,Anton:/../c-mat-k-us/topic-02-count/block-08-count-1-to-100/level-test
327,0.95,Anton:/../c-mat-k-us/topic-03-comparing-numbers/block-01-less-than/level-01
328,0.95,Anton:/../c-mat-k-us/topic-03-comparing-numbers/block-01-less-than/level-02
329,0.95,Anton:/../c-mat-k-us/topic-03-comparing-numbers/block-01-less-than/level-03
330,0.95,Anton:/../c-mat-k-us/topic-03-comparing-numbers/block-01-less-than/level-04
331,0.95,Anton:/../c-mat-k-us/topic-03-comparing-numbers/block-01-less-than/level-05
332,0.95,Anton:/../c-mat-k-us/topic-03-comparing-numbers/block-02-greater-than/level-01
333,0.95,Anton:/../c-mat-k-us/topic-03-comparing-numbers/block-02-greater-than/level-02
334,0.95,Anton:/../c-mat-k-us/topic-03-comparing-numbers/block-02-greater-than/level-03
335,0.95,Anton:/../c-mat-k-us/topic-03-comparing-numbers/block-02-greater-than/level-04
336,0.95,Anton:/../c-mat-k-us/topic-03-comparing-numbers/block-02-greater-than/level-05
337,0.95,Anton:/../c-mat-k-us/topic-03-comparing-numbers/block-03-equal-to/level-02
338,0.95,Anton:/../c-mat-k-us/topic-03-comparing-numbers/block-03-equal-to/level-03
339,0.95,Anton:/../c-mat-k-us/topic-03-comparing-numbers/block-04-less-greater-equal/level-01
340,0.95,Anton:/../c-mat-k-us/topic-03-comparing-numbers/block-04-less-greater-equal/level-03
341,0.95,Anton:/../c-mat-k-us/topic-03-comparing-numbers/block-04-less-greater-equal/level-test
342,0.95,Anton:/../c-mat-k-us/topic-04-add-and-subtract/block-03-add-within-5/level-01
343,0.95,Anton:/../c-mat-k-us/topic-04-add-and-subtract/block-03-add-within-5/level-02
344,0.95,Anton:/../c-mat-k-us/topic-04-add-and-subtract/block-03-add-within-5/level-03
345,0.95,Anton:/../c-mat-k-us/topic-04-add-and-subtract/block-03-add-within-5/level-04
346,0.95,Anton:/../c-mat-k-us/topic-04-add-and-subtract/block-04-subtract-within-5/level-01
347,0.9422784810126583,Anton:/../c-mat-k-us/topic-04-add-and-subtract/block-04-subtract-within-5/level-02
348,0.95,Anton:/../c-mat-k-us/topic-04-add-and-subtract/block-04-subtract-within-5/level-03
349,0.95,Anton:/../c-mat-k-us/topic-04-add-and-subtract/block-04-subtract-within-5/level-04
350,0.9463414634146342,Anton:/../c-mat-k-us/topic-04-add-and-subtract/block-05-add-within-10/level-01
351,0.938328530259366,Anton:/../c-mat-k-us/topic-04-add-and-subtract/block-05-add-within-10/level-02
352,0.9469387755102041,Anton:/../c-mat-k-us/topic-04-add-and-subtract/block-05-add-within-10/level-03
353,0.95,Anton:/../c-mat-k-us/topic-04-add-and-subtract/block-05-add-within-10/level-04
354,0.9402489626556016,Anton:/../c-mat-k-us/topic-04-add-and-subtract/block-05-add-within-10/level-05
355,0.95,Anton:/../c-mat-k-us/topic-04-add-and-subtract/block-06-subtract-within-10/level-01
356,0.95,Anton:/../c-mat-k-us/topic-04-add-and-subtract/block-06-subtract-within-10/level-02
357,0.9385964912280702,Anton:/../c-mat-k-us/topic-04-add-and-subtract/block-06-subtract-within-10/level-03
358,0.95,Anton:/../c-mat-k-us/topic-04-add-and-subtract/block-06-subtract-within-10/level-04
359,0.9,Anton:/../c-mat-k-us/topic-04-add-and-subtract/block-06-subtract-within-10/level-05
360,0.9068523676880224,Anton:/../c-mat-k-us/topic-04-add-and-subtract/block-06-subtract-within-10/level-06
361,0.8714285714285714,Anton:/../c-mat-k-us/topic-04-add-and-subtract/block-07-picture-problems/level-04
362,0.9081081081081082,Anton:/../c-mat-k-us/topic-04-add-and-subtract/block-09-decompose-numbers/level-01
363,0.9480122324159022,Anton:/../c-mat-k-us/topic-04-add-and-subtract/block-09-decompose-numbers/level-02
364,0.91171875,Anton:/../c-mat-k-us/topic-04-add-and-subtract/block-09-decompose-numbers/level-03
365,0.95,Anton:/../c-mat-k-us/topic-04-add-and-subtract/block-10-making-10/level-01
366,0.8476190476190477,Anton:/../c-mat-k-us/topic-04-add-and-subtract/block-10-making-10/level-02
367,0.9256830601092897,Anton:/../c-mat-k-us/topic-04-add-and-subtract/block-10-making-10/level-03
368,0.95,Anton:/../c-mat-k-us/topic-04-add-and-subtract/block-10-making-10/level-04
369,0.95,Anton:/../c-mat-k-us/topic-04-add-and-subtract/block-11-base-ten/level-02
370,0.95,Anton:/../c-mat-k-us/topic-04-add-and-subtract/block-11-base-ten/level-03
371,0.9355064027939465,Anton:/../c-mat-k-us/topic-04-add-and-subtract/block-11-base-ten/level-04
372,0.95,Anton:/../c-mat-k-us/topic-05-measuring/block-01-small-and-big/level-01
373,0.95,Anton:/../c-mat-k-us/topic-05-measuring/block-01-small-and-big/level-02
374,0.95,Anton:/../c-mat-k-us/topic-05-measuring/block-02-short-and-tall/level-01
375,0.95,Anton:/../c-mat-k-us/topic-05-measuring/block-02-short-and-tall/level-02
376,0.95,Anton:/../c-mat-k-us/topic-05-measuring/block-03-short-and-long/level-01
377,0.95,Anton:/../c-mat-k-us/topic-05-measuring/block-03-short-and-long/level-02
378,0.95,Anton:/../c-mat-k-us/topic-05-measuring/block-04-thin-and-thick/level-01
379,0.95,Anton:/../c-mat-k-us/topic-05-measuring/block-04-thin-and-thick/level-02
380,0.95,Anton:/../c-mat-k-us/topic-05-measuring/block-05-light-and-heavy/level-01
381,0.95,Anton:/../c-mat-k-us/topic-05-measuring/block-05-light-and-heavy/level-02
382,0.95,Anton:/../c-mat-k-us/topic-06-sorting-and-classifying/block-02-different/level-01
383,0.95,Anton:/../c-mat-k-us/topic-06-sorting-and-classifying/block-02-different/level-02
384,0.95,Anton:/../c-mat-k-us/topic-06-sorting-and-classifying/block-02-different/level-03
385,0.95,Anton:/../c-mat-k-us/topic-06-sorting-and-classifying/block-02-different/level-04
386,0.95,Anton:/../c-mat-k-us/topic-06-sorting-and-classifying/block-02-different/level-05
387,0.95,Anton:/../c-mat-k-us/topic-06-sorting-and-classifying/block-02-different/level-test
388,0.9344039971448965,Anton:/../c-mat-k-us/topic-06-sorting-and-classifying/block-03-same-or-different/level-04
389,0.8601364736957958,Anton:/../c-mat-k-us/topic-07-shapes/block-02-two-dimensional-shapes-01/level-05
390,0.95,Anton:/../c-mat-k-us/topic-07-shapes/block-06-compare-shapes-01/level-03
391,0.8705248169243288,Eidu:052a4fcf-c1ea-4ce5-8c86-31f37a90d72d/CardBox4
392,0.946042487878048,Eidu:052a4fcf-c1ea-4ce5-8c86-31f37a90d72d/Cargo1
393,0.9346123242860932,Eidu:052a4fcf-c1ea-4ce5-8c86-31f37a90d72d/CargoExercise02
394,0.9314195992763765,Eidu:052a4fcf-c1ea-4ce5-8c86-31f37a90d72d/CargoExercise03
395,0.9282458145633027,Eidu:052a4fcf-c1ea-4ce5-8c86-31f37a90d72d/CargoExercise04
396,0.921476859074363,Eidu:052a4fcf-c1ea-4ce5-8c86-31f37a90d72d/CargoExercise05
397,0.9020335153455094,Eidu:052a4fcf-c1ea-4ce5-8c86-31f37a90d72d/CargoExercise06
398,0.9159834368530021,Eidu:052a4fcf-c1ea-4ce5-8c86-31f37a90d72d/Caterpillar1
399,0.8725886360117666,Eidu:052a4fcf-c1ea-4ce5-8c86-31f37a90d72d/Caterpillar2
400,0.8619401197604791,Eidu:052a4fcf-c1ea-4ce5-8c86-31f37a90d72d/Caterpillar3
401,0.8840209267563528,Eidu:052a4fcf-c1ea-4ce5-8c86-31f37a90d72d/Caterpillar4
402,0.95,Eidu:052a4fcf-c1ea-4ce5-8c86-31f37a90d72d/CheckOff01
403,0.95,Eidu:052a4fcf-c1ea-4ce5-8c86-31f37a90d72d/CheckOff02
404,0.95,Eidu:052a4fcf-c1ea-4ce5-8c86-31f37a90d72d/Road01
405,0.95,Eidu:052a4fcf-c1ea-4ce5-8c86-31f37a90d72d/Road02
406,0.9442612942612943,Eidu:052a4fcf-c1ea-4ce5-8c86-31f37a90d72d/Road03
407,0.8972837142515258,Eidu:052a4fcf-c1ea-4ce5-8c86-31f37a90d72d/Road04
408,0.8802255708606823,Eidu:052a4fcf-c1ea-4ce5-8c86-31f37a90d72d/Road05
409,0.95,Eidu:052a4fcf-c1ea-4ce5-8c86-31f37a90d72d/Spaceship01
410,0.8724279835390947,Eidu:052a4fcf-c1ea-4ce5-8c86-31f37a90d72d/Spaceship02
411,0.8318809201623817,Eidu:052a4fcf-c1ea-4ce5-8c86-31f37a90d72d/Spaceship03
412,0.9432096069868996,Eidu:052a4fcf-c1ea-4ce5-8c86-31f37a90d72d/SuperCaterpillar01
413,0.9202312138728325,Eidu:052a4fcf-c1ea-4ce5-8c86-31f37a90d72d/SuperCaterpillar02
414,0.936534524474223,Eidu:052a4fcf-c1ea-4ce5-8c86-31f37a90d72d/SuperCaterpillar03
415,0.9078774459072421,Eidu:052a4fcf-c1ea-4ce5-8c86-31f37a90d72d/SuperCaterpillar04
416,0.8830872483221477,Eidu:052a4fcf-c1ea-4ce5-8c86-31f37a90d72d/SuperCaterpillar05
417,0.8425704989154014,Eidu:052a4fcf-c1ea-4ce5-8c86-31f37a90d72d/Truck02
418,0.9365730006367208,Eidu:052a4fcf-c1ea-4ce5-8c86-31f37a90d72d/Truck1
419,0.95,Eidu:1038cb1d-d943-419b-9e74-879b9db9bb49/Scales1
420,0.9290866901422785,Eidu:1038cb1d-d943-419b-9e74-879b9db9bb49/Scales2
421,0.95,Eidu:170f3e40-15e9-49e4-9956-91fceda6efe4/Categorization1
422,0.9408546527973012,Eidu:1f2e40a0-842c-4ccf-b5ec-566b7a55cf43/Copy of SortingPool_block2a
423,0.9315651352391616,Eidu:1f2e40a0-842c-4ccf-b5ec-566b7a55cf43/Copy of SortingPool_block2b
424,0.95,Eidu:1f2e40a0-842c-4ccf-b5ec-566b7a55cf43/Copy of SortingPool_block3a
425,0.928078227898623,Eidu:1f2e40a0-842c-4ccf-b5ec-566b7a55cf43/Copy of SortingPool_block3b
426,0.95,Eidu:1f2e40a0-842c-4ccf-b5ec-566b7a55cf43/Copy of SortingPool_block4a
427,0.95,Eidu:1f2e40a0-842c-4ccf-b5ec-566b7a55cf43/Copy of SortingPool_block4b
428,0.95,Eidu:1f2e40a0-842c-4ccf-b5ec-566b7a55cf43/Copy of SortingPool_block5a
429,0.95,Eidu:1f2e40a0-842c-4ccf-b5ec-566b7a55cf43/Copy of SortingPool_block5b
430,0.95,Eidu:1f2e40a0-842c-4ccf-b5ec-566b7a55cf43/Copy of SortingPool_block6a
431,0.95,Eidu:1f2e40a0-842c-4ccf-b5ec-566b7a55cf43/Copy of SortingPool_block6b
432,0.95,Eidu:1f2e40a0-842c-4ccf-b5ec-566b7a55cf43/Copy of SortingPool_block7a
433,0.95,Eidu:1f2e40a0-842c-4ccf-b5ec-566b7a55cf43/Copy of SortingPool_block7b
434,0.8980059724496677,Eidu:1f2e40a0-842c-4ccf-b5ec-566b7a55cf43/sortingPool_block1
435,0.9216990000854628,Eidu:229e294e-7d72-4fab-80e9-58e7822219eb/Balloon10
436,0.895282711952632,Eidu:229e294e-7d72-4fab-80e9-58e7822219eb/Balloon6
437,0.8979951726515936,Eidu:229e294e-7d72-4fab-80e9-58e7822219eb/Balloon7
438,0.9477649750755905,Eidu:229e294e-7d72-4fab-80e9-58e7822219eb/Balloon8
439,0.9434925229136517,Eidu:229e294e-7d72-4fab-80e9-58e7822219eb/Balloon9
440,0.9130788804071247,Eidu:26b0cdcb-c4c8-4902-b267-791610dff6b9/JumpyFlatHead06
441,0.8841442728327829,Eidu:26b0cdcb-c4c8-4902-b267-791610dff6b9/JumpyFlatHead07
442,0.9060956265578972,Eidu:26b0cdcb-c4c8-4902-b267-791610dff6b9/JumpyFlatHead08
443,0.913170422088226,Eidu:26b0cdcb-c4c8-4902-b267-791610dff6b9/JumpyFlatHead09
444,0.8867203752032982,Eidu:26b0cdcb-c4c8-4902-b267-791610dff6b9/Monster12
445,0.92094395280236,Eidu:26b0cdcb-c4c8-4902-b267-791610dff6b9/Monster13
446,0.9170517984594728,Eidu:26b0cdcb-c4c8-4902-b267-791610dff6b9/Monster14
447,0.9119126720455625,Eidu:26b0cdcb-c4c8-4902-b267-791610dff6b9/MonsterFarm07
448,0.8812614259597806,Eidu:26b0cdcb-c4c8-4902-b267-791610dff6b9/MonsterFarm08
449,0.9100883580930188,Eidu:26b0cdcb-c4c8-4902-b267-791610dff6b9/MonsterFarm11
450,0.9249211819048317,Eidu:26b0cdcb-c4c8-4902-b267-791610dff6b9/NumberOrdering01
451,0.9428987689095015,Eidu:26b0cdcb-c4c8-4902-b267-791610dff6b9/NumberOrdering02
452,0.8845195014073182,Eidu:26b0cdcb-c4c8-4902-b267-791610dff6b9/NumberOrdering03
453,0.8463238419039525,Eidu:26b0cdcb-c4c8-4902-b267-791610dff6b9/Ordering4
454,0.8464037122969839,Eidu:26b0cdcb-c4c8-4902-b267-791610dff6b9/Ordering5
455,0.9223284823284824,Eidu:286952cf-df03-4046-bae9-dd12d734a4d9/A_CardsOrdering10x
456,0.9120815138282388,Eidu:286952cf-df03-4046-bae9-dd12d734a4d9/A_CardsOrdering10xAlternate
457,0.9228224917309813,Eidu:286952cf-df03-4046-bae9-dd12d734a4d9/A_CardsOrdering10xRandomReveal
458,0.9025512586492338,Eidu:2b240766-1dd5-4074-86fa-8beb2007be54/ShapeExercise04
459,0.8927189988623436,Eidu:2b240766-1dd5-4074-86fa-8beb2007be54/ShapeExercise05
460,0.8785529715762275,Eidu:2b240766-1dd5-4074-86fa-8beb2007be54/ShapeExercise06
461,0.932583623526405,Eidu:2b240766-1dd5-4074-86fa-8beb2007be54/ShapeExercise07
462,0.889702175333769,Eidu:2b240766-1dd5-4074-86fa-8beb2007be54/ShapeExercise08
463,0.8616816361865599,Eidu:2b240766-1dd5-4074-86fa-8beb2007be54/ShapeExercise09
464,0.8633143518965352,Eidu:2b240766-1dd5-4074-86fa-8beb2007be54/ShapeExercise10
465,0.8836144578313254,Eidu:2b240766-1dd5-4074-86fa-8beb2007be54/ShapeExercise11
466,0.8809212912586145,Eidu:2b240766-1dd5-4074-86fa-8beb2007be54/ShapeExercise12
467,0.889792353968562,Eidu:2b240766-1dd5-4074-86fa-8beb2007be54/ShapeExercise13
468,0.8592083255900391,Eidu:2b240766-1dd5-4074-86fa-8beb2007be54/ShapeExercise14
469,0.917501552473608,Eidu:2c8b5086-a464-4585-b9f7-d73a90bfc41a/JumpyFlatHead11
470,0.9179503105590063,Eidu:2c8b5086-a464-4585-b9f7-d73a90bfc41a/JumpyFlatHead12
471,0.9177937457750183,Eidu:2c8b5086-a464-4585-b9f7-d73a90bfc41a/JumpyFlatHead14
472,0.9214373195695915,Eidu:2c8b5086-a464-4585-b9f7-d73a90bfc41a/JumpyFlatHead15
473,0.8474879559532004,Eidu:32284172-3f09-4a6f-843a-3e86a288b2c7/NumberOrdering07
474,0.8595413241021204,Eidu:32284172-3f09-4a6f-843a-3e86a288b2c7/NumberOrdering08
475,0.8646319569120288,Eidu:32284172-3f09-4a6f-843a-3e86a288b2c7/NumberOrdering09
476,0.8688262347530494,Eidu:36b04c45-9248-449c-87e4-04d14c6137a8/A_RoadExtraBlock
477,0.8304128440366972,Eidu:36b04c45-9248-449c-87e4-04d14c6137a8/A_RoadSubtractFrom10_Review
478,0.8368697803897309,Eidu:36b04c45-9248-449c-87e4-04d14c6137a8/A_RoadSubtractFromN_Review
479,0.850418350141571,Eidu:380b3eb1-0663-45ee-a55c-f1d7cdd64db2/Spaceship06
480,0.9254285714285715,Eidu:38b35625-a5af-4297-b288-7ebbc4051b16/Articulation_SoundsOfLetters_block1
481,0.9432009080590239,Eidu:38b35625-a5af-4297-b288-7ebbc4051b16/Articulation_SoundsOfLetters_block2_WU1
482,0.9243086647353174,Eidu:38b35625-a5af-4297-b288-7ebbc4051b16/Articulation_SoundsOfLetters_block2_WU2
483,0.95,Eidu:38b35625-a5af-4297-b288-7ebbc4051b16/Articulation_SoundsOfLetters_block3_WU1
484,0.9452414731318628,Eidu:38b35625-a5af-4297-b288-7ebbc4051b16/Articulation_SoundsOfLetters_block3_WU2
485,0.95,Eidu:38b35625-a5af-4297-b288-7ebbc4051b16/Articulation_SoundsOfLetters_block4_WU1
486,0.9378931297709925,Eidu:38b35625-a5af-4297-b288-7ebbc4051b16/Articulation_SoundsOfLetters_block4_WU2
487,0.95,Eidu:38b35625-a5af-4297-b288-7ebbc4051b16/Articulation_SoundsOfLetters_block4_WU3
488,0.95,Eidu:38b35625-a5af-4297-b288-7ebbc4051b16/Articulation_SoundsOfLetters_block5_WU1
489,0.9443318903953065,Eidu:38b35625-a5af-4297-b288-7ebbc4051b16/Articulation_SoundsOfLetters_block5_WU2
490,0.9462250565727217,Eidu:38b35625-a5af-4297-b288-7ebbc4051b16/Articulation_SoundsOfLetters_block5_WU3
491,0.95,Eidu:38b35625-a5af-4297-b288-7ebbc4051b16/Articulation_SoundsOfLetters_block6_WU1
492,0.9392677372962608,Eidu:38b35625-a5af-4297-b288-7ebbc4051b16/Articulation_SoundsOfLetters_block6_WU2
493,0.9460540540540541,Eidu:38b35625-a5af-4297-b288-7ebbc4051b16/Articulation_SoundsOfLetters_block6_WU3
494,0.95,Eidu:38b35625-a5af-4297-b288-7ebbc4051b16/Articulation_SoundsOfLetters_block7_WU1
495,0.9392504258943782,Eidu:38b35625-a5af-4297-b288-7ebbc4051b16/Articulation_SoundsOfLetters_block7_WU2
496,0.9340843297671492,Eidu:38b35625-a5af-4297-b288-7ebbc4051b16/Articulation_SoundsOfLetters_block7_WU3
497,0.8860215053763442,Eidu:397a23d4-6d42-4bb5-8f57-f18983e6bcb2/AlphabetSong01
498,0.865771812080537,Eidu:397a23d4-6d42-4bb5-8f57-f18983e6bcb2/AlphabetSong02
499,0.8954545454545455,Eidu:397a23d4-6d42-4bb5-8f57-f18983e6bcb2/AlphabetSong03
500,0.883916083916084,Eidu:397a23d4-6d42-4bb5-8f57-f18983e6bcb2/AlphabetSong04
501,0.8730434782608696,Eidu:397a23d4-6d42-4bb5-8f57-f18983e6bcb2/AlphabetSong05
502,0.9078864353312304,Eidu:397a23d4-6d42-4bb5-8f57-f18983e6bcb2/RoteAlphabet01
503,0.8951456310679612,Eidu:397a23d4-6d42-4bb5-8f57-f18983e6bcb2/RoteAlphabet02
504,0.87265625,Eidu:397a23d4-6d42-4bb5-8f57-f18983e6bcb2/RoteAlphabet03
505,0.9295454545454546,Eidu:397a23d4-6d42-4bb5-8f57-f18983e6bcb2/RoteAlphabet04
506,0.9156794425087109,Eidu:397a23d4-6d42-4bb5-8f57-f18983e6bcb2/RoteAlphabet05
507,0.888888888888889,Eidu:397a23d4-6d42-4bb5-8f57-f18983e6bcb2/RoteAlphabet06
508,0.9420408163265307,Eidu:397a23d4-6d42-4bb5-8f57-f18983e6bcb2/RoteAlphabet07
509,0.9047169811320755,Eidu:397a23d4-6d42-4bb5-8f57-f18983e6bcb2/RoteAlphabet08
510,0.9408424775331251,Eidu:40252ea3-083b-4671-ba6a-a7c7484e0e8b/Patterns01
511,0.9487957410595896,Eidu:40252ea3-083b-4671-ba6a-a7c7484e0e8b/Patterns02
512,0.8489711934156379,Eidu:42e0fe15-b255-4668-b9c9-47279486b571/Road17
513,0.9111676023020161,Eidu:46286292-343f-4b05-950c-7fb73a314d7e/Copy of letterPuzzle_block2b
514,0.9413758723828515,Eidu:46286292-343f-4b05-950c-7fb73a314d7e/Copy of letterPuzzle_block3a
515,0.9458937198067634,Eidu:46286292-343f-4b05-950c-7fb73a314d7e/Copy of letterPuzzle_block3b
516,0.9311675126903554,Eidu:46286292-343f-4b05-950c-7fb73a314d7e/Copy of letterPuzzle_block3c
517,0.9120979514951731,Eidu:46286292-343f-4b05-950c-7fb73a314d7e/Copy of letterPuzzle_block4b
518,0.9292949835367035,Eidu:46286292-343f-4b05-950c-7fb73a314d7e/Copy of letterPuzzle_block5a
519,0.9195887629040447,Eidu:46286292-343f-4b05-950c-7fb73a314d7e/Copy of letterPuzzle_block5b
520,0.9273746085810032,Eidu:46286292-343f-4b05-950c-7fb73a314d7e/Copy of letterPuzzle_block5c
521,0.9249317206398752,Eidu:46286292-343f-4b05-950c-7fb73a314d7e/Copy of letterPuzzle_block7a
522,0.9287022190037759,Eidu:46286292-343f-4b05-950c-7fb73a314d7e/Copy of letterPuzzle_block7b
523,0.9395044707921377,Eidu:46286292-343f-4b05-950c-7fb73a314d7e/Copy of letterPuzzle_block7c
524,0.9397939767731777,Eidu:46286292-343f-4b05-950c-7fb73a314d7e/letterPuzzle_block1a
525,0.9484540245841642,Eidu:46286292-343f-4b05-950c-7fb73a314d7e/letterPuzzle_block1b
526,0.9101578156312626,Eidu:51ec0f5e-78a2-4909-b65c-4e9aae441db5/Time11
527,0.8925120971048963,Eidu:51ec0f5e-78a2-4909-b65c-4e9aae441db5/Time12
528,0.9259811227024343,Eidu:51ec0f5e-78a2-4909-b65c-4e9aae441db5/Time13
529,0.8955594794323458,Eidu:51ec0f5e-78a2-4909-b65c-4e9aae441db5/Time14
530,0.9205288631802622,Eidu:51ec0f5e-78a2-4909-b65c-4e9aae441db5/Time15
531,0.8874255065554232,Eidu:51ec0f5e-78a2-4909-b65c-4e9aae441db5/Time16
532,0.8351100811123987,Eidu:51ec0f5e-78a2-4909-b65c-4e9aae441db5/Time17
533,0.8644947771227636,Eidu:51ec0f5e-78a2-4909-b65c-4e9aae441db5/Time18
534,0.8564973933191736,Eidu:51ec0f5e-78a2-4909-b65c-4e9aae441db5/Time19
535,0.8620793571069815,Eidu:51ec0f5e-78a2-4909-b65c-4e9aae441db5/Time20
536,0.8313449993613489,Eidu:51ec0f5e-78a2-4909-b65c-4e9aae441db5/Time21
537,0.8981848645629713,Eidu:541d81b9-017d-43fd-9f79-d2e0b3bc376b/C_CargoDoubleAndTripleAddition01
538,0.8787330316742081,Eidu:541d81b9-017d-43fd-9f79-d2e0b3bc376b/C_CargoDoubleAndTripleAddition02
539,0.9019094380796508,Eidu:541d81b9-017d-43fd-9f79-d2e0b3bc376b/C_CargoDoubleAndTripleAddition03
540,0.9128696376509788,Eidu:541d81b9-017d-43fd-9f79-d2e0b3bc376b/C_CargoDoubleAndTripleAdditionBreakingFive
541,0.9347035573122531,Eidu:541d81b9-017d-43fd-9f79-d2e0b3bc376b/C_CargoDoubleAndTripleAdditionTo5
542,0.9159118727050184,Eidu:541d81b9-017d-43fd-9f79-d2e0b3bc376b/C_CargoTwoFloorsOfTripleAddition01
543,0.9000873362445415,Eidu:541d81b9-017d-43fd-9f79-d2e0b3bc376b/C_CargoTwoFloorsOfTripleAddition02
544,0.9465221944317032,Eidu:590d39a4-53c1-4a1e-8b4c-37a897947a2b/BarSorting1
545,0.9402376107203473,Eidu:590d39a4-53c1-4a1e-8b4c-37a897947a2b/JumpyFlatHead01
546,0.9087996761010666,Eidu:590d39a4-53c1-4a1e-8b4c-37a897947a2b/JumpyFlatHead02
547,0.901018922852984,Eidu:590d39a4-53c1-4a1e-8b4c-37a897947a2b/JumpyFlatHead03
548,0.8929528768549857,Eidu:590d39a4-53c1-4a1e-8b4c-37a897947a2b/JumpyFlatHead04
549,0.9286270346779901,Eidu:5e82f159-7511-4b44-8961-f5070245bd2b/Currency02
550,0.9031516183986372,Eidu:5e82f159-7511-4b44-8961-f5070245bd2b/Currency04
551,0.9127465127465129,Eidu:66c491ec-bd5b-498e-949f-115965c4298c/FishFood01
552,0.8543127666215795,Eidu:66c491ec-bd5b-498e-949f-115965c4298c/FishFood02
553,0.8548998721772476,Eidu:66c491ec-bd5b-498e-949f-115965c4298c/FishFood03
554,0.9280010270894852,Eidu:66e65fe4-4a16-48f8-9935-18c579e58c9b/CountingTest01
555,0.8824552924117932,Eidu:66e65fe4-4a16-48f8-9935-18c579e58c9b/CountingTest2
556,0.8909138932910724,Eidu:66e65fe4-4a16-48f8-9935-18c579e58c9b/CountingTest3
557,0.95,Eidu:66e65fe4-4a16-48f8-9935-18c579e58c9b/Monster1
558,0.9280088740987245,Eidu:66e65fe4-4a16-48f8-9935-18c579e58c9b/Monster2
559,0.9101879074523841,Eidu:66e65fe4-4a16-48f8-9935-18c579e58c9b/MonsterFarm03
560,0.9190664556962026,Eidu:66e65fe4-4a16-48f8-9935-18c579e58c9b/MonsterFarm04
561,0.90989010989011,Eidu:66e65fe4-4a16-48f8-9935-18c579e58c9b/MonsterFarm05
562,0.8873982416151092,Eidu:66e65fe4-4a16-48f8-9935-18c579e58c9b/MonsterFarm06
563,0.95,Eidu:66e65fe4-4a16-48f8-9935-18c579e58c9b/NumberLine01
564,0.8989524878413768,Eidu:66e65fe4-4a16-48f8-9935-18c579e58c9b/NumberLine02
565,0.8926569376882094,Eidu:66e65fe4-4a16-48f8-9935-18c579e58c9b/NumberLine03
566,0.9250633898966257,Eidu:66e65fe4-4a16-48f8-9935-18c579e58c9b/NumberLine04
567,0.9191205211726385,Eidu:66e65fe4-4a16-48f8-9935-18c579e58c9b/NumberLine05
568,0.9139261862917399,Eidu:66e65fe4-4a16-48f8-9935-18c579e58c9b/NumberLine06
569,0.8924942263279446,Eidu:66e65fe4-4a16-48f8-9935-18c579e58c9b/NumberLine07
570,0.8793317793317794,Eidu:66e65fe4-4a16-48f8-9935-18c579e58c9b/NumberLine08
571,0.9356658661884063,Eidu:756c231a-663d-47e2-94e5-fde96b15e989/Teatime06
572,0.9443662132294302,Eidu:756c231a-663d-47e2-94e5-fde96b15e989/Teatime07
573,0.9140471707462096,Eidu:756c231a-663d-47e2-94e5-fde96b15e989/Teatime08
574,0.95,Eidu:756c231a-663d-47e2-94e5-fde96b15e989/Teatime09
575,0.9436893203883496,Eidu:756c231a-663d-47e2-94e5-fde96b15e989/Teatime10
576,0.9347855318004572,Eidu:756c231a-663d-47e2-94e5-fde96b15e989/Teatime11
577,0.9322838299141617,Eidu:7684fb1e-6819-499d-8984-0395a787c316/numberpuzzle01
578,0.9418912479483244,Eidu:7684fb1e-6819-499d-8984-0395a787c316/numberpuzzle02
579,0.9163185600271694,Eidu:7684fb1e-6819-499d-8984-0395a787c316/numberpuzzle03
580,0.917897163347634,Eidu:7684fb1e-6819-499d-8984-0395a787c316/numberpuzzle04
581,0.926467313504056,Eidu:7684fb1e-6819-499d-8984-0395a787c316/numberpuzzle05
582,0.9061588912559543,Eidu:7684fb1e-6819-499d-8984-0395a787c316/numberpuzzle06
583,0.9247350993377483,Eidu:7684fb1e-6819-499d-8984-0395a787c316/numberpuzzle07
584,0.9263349299272663,Eidu:7684fb1e-6819-499d-8984-0395a787c316/numberpuzzle08
585,0.9272825968950169,Eidu:7684fb1e-6819-499d-8984-0395a787c316/numberpuzzle09
586,0.9068786127167631,Eidu:7a855e23-7e96-4c04-8ae0-23539d8281d1/D_RoadSplitDigitTo20_01
587,0.8597479216948244,Eidu:7a855e23-7e96-4c04-8ae0-23539d8281d1/D_Subtract1Dfrom2Dto20_MixedIntro
588,0.8489687055476529,Eidu:7a855e23-7e96-4c04-8ae0-23539d8281d1/D_Subtract1dFrom2dto20_01
589,0.8537390741340241,Eidu:7a855e23-7e96-4c04-8ae0-23539d8281d1/E_Subtract1dFrom2dto20_02
590,0.8542037586547973,Eidu:7a855e23-7e96-4c04-8ae0-23539d8281d1/E_Subtract1dFrom2dto20_03
591,0.8752688172043012,Eidu:7a855e23-7e96-4c04-8ae0-23539d8281d1/Road14
592,0.8758964143426295,Eidu:7a855e23-7e96-4c04-8ae0-23539d8281d1/Road15
593,0.9178053450129823,Eidu:7cf06225-7bc3-49e1-853a-666e3e018138/Patterns05
594,0.9341067226678137,Eidu:82b869ce-12a9-40c5-b9aa-843e6c9f52fe/Drawing1
595,0.95,Eidu:82b869ce-12a9-40c5-b9aa-843e6c9f52fe/Drawing2
596,0.9478057343475718,Eidu:82b869ce-12a9-40c5-b9aa-843e6c9f52fe/Drawing3
597,0.8573228346456694,Eidu:85cf9908-3f2d-46d4-8ed9-3f9f4c631619/NumberLine17
598,0.95,Eidu:8a1a93ba-482a-4bc2-8872-2a449bf34290/Teatime01
599,0.9222807457570438,Eidu:8a1a93ba-482a-4bc2-8872-2a449bf34290/Teatime02
600,0.95,Eidu:8a1a93ba-482a-4bc2-8872-2a449bf34290/Teatime03
601,0.95,Eidu:8a1a93ba-482a-4bc2-8872-2a449bf34290/Teatime04
602,0.95,Eidu:8a1a93ba-482a-4bc2-8872-2a449bf34290/Teatime05
603,0.8797641568053466,Eidu:8c52b90d-b947-47a8-b29c-eb36e8d5a748/RoteCounting01 - 1 to 3
604,0.8667258400507201,Eidu:8c52b90d-b947-47a8-b29c-eb36e8d5a748/RoteCounting02 - 1 to 3
605,0.8303795360301098,Eidu:8c52b90d-b947-47a8-b29c-eb36e8d5a748/RoteCounting03 - 1 to 3
606,0.8552367576243981,Eidu:8c52b90d-b947-47a8-b29c-eb36e8d5a748/RoteCounting04 - 1 to 3
607,0.8178825007854226,Eidu:8c52b90d-b947-47a8-b29c-eb36e8d5a748/RoteCounting05 - 1 to 3
608,0.8987561251413495,Eidu:8c52b90d-b947-47a8-b29c-eb36e8d5a748/RoteCounting06 - 4 to 6
609,0.856307181461726,Eidu:8c52b90d-b947-47a8-b29c-eb36e8d5a748/RoteCounting07 - 4 to 6
610,0.8792187401871507,Eidu:8c52b90d-b947-47a8-b29c-eb36e8d5a748/RoteCounting08 - 4 to 6
611,0.8305403367680322,Eidu:8c52b90d-b947-47a8-b29c-eb36e8d5a748/RoteCounting09 - 4 to 6
612,0.8693667157584684,Eidu:8c52b90d-b947-47a8-b29c-eb36e8d5a748/RoteCounting10 - 1 to 6
613,0.8156758712166888,Eidu:8c52b90d-b947-47a8-b29c-eb36e8d5a748/RoteCounting11 - 1 to 6
614,0.8936995417848571,Eidu:8c52b90d-b947-47a8-b29c-eb36e8d5a748/RoteCounting12 - 7 to 10
615,0.8853889943074005,Eidu:8c52b90d-b947-47a8-b29c-eb36e8d5a748/RoteCounting13 - 7 to 10
616,0.8820060105184073,Eidu:8c52b90d-b947-47a8-b29c-eb36e8d5a748/RoteCounting14 - 7 to 10
617,0.8292714212416624,Eidu:8c52b90d-b947-47a8-b29c-eb36e8d5a748/RoteCounting15 - 7 to 10
618,0.8266940921037597,Eidu:8c52b90d-b947-47a8-b29c-eb36e8d5a748/RoteCounting16 - 1 to 10
619,0.8207117519166953,Eidu:8c52b90d-b947-47a8-b29c-eb36e8d5a748/RoteCounting17 - 1 to 10
620,0.8094220035947404,Eidu:8c52b90d-b947-47a8-b29c-eb36e8d5a748/RoteCounting18 - 1 to 10
621,0.9399594320486816,Eidu:9abdb713-fe8b-468c-9f31-cdeca6dabf4d/ArithmeticTest08
622,0.9134020618556702,Eidu:9abdb713-fe8b-468c-9f31-cdeca6dabf4d/ArithmeticTest09
623,0.9393939393939394,Eidu:9abdb713-fe8b-468c-9f31-cdeca6dabf4d/ArithmeticTest10
624,0.9307128580946037,Eidu:b0851fe3-643a-4845-ac43-37b1a73cddf3/Time01
625,0.95,Eidu:b0851fe3-643a-4845-ac43-37b1a73cddf3/Time02
626,0.95,Eidu:b0851fe3-643a-4845-ac43-37b1a73cddf3/Time03
627,0.9208333333333334,Eidu:b0851fe3-643a-4845-ac43-37b1a73cddf3/Time04
628,0.9385354141656663,Eidu:b0851fe3-643a-4845-ac43-37b1a73cddf3/Time05
629,0.9312320916905444,Eidu:b0851fe3-643a-4845-ac43-37b1a73cddf3/Time06
630,0.9352826510721248,Eidu:b0851fe3-643a-4845-ac43-37b1a73cddf3/Time07
631,0.897907949790795,Eidu:b0851fe3-643a-4845-ac43-37b1a73cddf3/Time08
632,0.8976076555023924,Eidu:b0851fe3-643a-4845-ac43-37b1a73cddf3/Time09
633,0.9274098910310143,Eidu:b5d22e1d-3525-4277-be12-49acf0736da8/ArithmeticTest02
634,0.9277005347593583,Eidu:b5d22e1d-3525-4277-be12-49acf0736da8/ArithmeticTest03
635,0.8926829268292683,Eidu:b5d22e1d-3525-4277-be12-49acf0736da8/ArithmeticTest05
636,0.909112426035503,Eidu:b5d22e1d-3525-4277-be12-49acf0736da8/ArithmeticTest06
637,0.8602679679100158,Eidu:b5d22e1d-3525-4277-be12-49acf0736da8/NumberLine20
638,0.8671842650103521,Eidu:b5d22e1d-3525-4277-be12-49acf0736da8/NumberLine21
639,0.8598615101983137,Eidu:b5d22e1d-3525-4277-be12-49acf0736da8/NumberLine22
640,0.8657375851996105,Eidu:b5d22e1d-3525-4277-be12-49acf0736da8/NumberLine23
641,0.874575411913815,Eidu:b5d22e1d-3525-4277-be12-49acf0736da8/NumberLine24
642,0.9237385461209531,Eidu:b5d22e1d-3525-4277-be12-49acf0736da8/Road07
643,0.8593000826674015,Eidu:b5d22e1d-3525-4277-be12-49acf0736da8/Road09
644,0.8586457311089304,Eidu:b5d22e1d-3525-4277-be12-49acf0736da8/Road10
645,0.9077601868673761,Eidu:b5d22e1d-3525-4277-be12-49acf0736da8/Road11
646,0.8480029314767314,Eidu:b5d22e1d-3525-4277-be12-49acf0736da8/Road12
647,0.8540891389009088,Eidu:b5d22e1d-3525-4277-be12-49acf0736da8/Road13
648,0.8741925197498355,Eidu:bff7fbbd-867e-4a11-a8b9-b37e1d00d257/BarSorting2
649,0.8792155992566499,Eidu:bff7fbbd-867e-4a11-a8b9-b37e1d00d257/BarSorting3
650,0.9464410154305625,Eidu:c2c56000-1201-4c32-8cf8-a076f717de22/ArithmeticTest01
651,0.9074245939675174,Eidu:c2c56000-1201-4c32-8cf8-a076f717de22/ArithmeticTest04
652,0.8854700854700855,Eidu:c2c56000-1201-4c32-8cf8-a076f717de22/ArithmeticTest07
653,0.9144212523719166,Eidu:c2c56000-1201-4c32-8cf8-a076f717de22/CargoExercise07
654,0.8977356385945343,Eidu:c2c56000-1201-4c32-8cf8-a076f717de22/CargoExercise08
655,0.9075757575757576,Eidu:c2c56000-1201-4c32-8cf8-a076f717de22/CargoExercise09
656,0.9288262629290962,Eidu:c2c56000-1201-4c32-8cf8-a076f717de22/CargoExercise11
657,0.9064855390008765,Eidu:c2c56000-1201-4c32-8cf8-a076f717de22/CargoExercise12
658,0.8955533596837946,Eidu:c2c56000-1201-4c32-8cf8-a076f717de22/CargoExercise13
659,0.9223176616990926,Eidu:c2c56000-1201-4c32-8cf8-a076f717de22/CargoExercise14
660,0.940592694693315,Eidu:c2c56000-1201-4c32-8cf8-a076f717de22/CargoExercise15
661,0.95,Eidu:c2c56000-1201-4c32-8cf8-a076f717de22/CargoExercise16
662,0.8901114206128135,Eidu:c2c56000-1201-4c32-8cf8-a076f717de22/CargoExercise17
663,0.8811145510835914,Eidu:c2c56000-1201-4c32-8cf8-a076f717de22/CargoExercise18
664,0.8836096223357847,Eidu:c2c56000-1201-4c32-8cf8-a076f717de22/CargoExercise20
665,0.8687779840559136,Eidu:c2c56000-1201-4c32-8cf8-a076f717de22/CargoExercise21
666,0.8867346938775511,Eidu:c2c56000-1201-4c32-8cf8-a076f717de22/CargoExercise22
667,0.8369831293417136,Eidu:c2c56000-1201-4c32-8cf8-a076f717de22/CargoExercise23
668,0.8770992366412214,Eidu:c2c56000-1201-4c32-8cf8-a076f717de22/NumberLine09
669,0.889086859688196,Eidu:c2c56000-1201-4c32-8cf8-a076f717de22/NumberLine10
670,0.9190918787140028,Eidu:c2c56000-1201-4c32-8cf8-a076f717de22/NumberLine11
671,0.8764906303236798,Eidu:c2c56000-1201-4c32-8cf8-a076f717de22/NumberLine12
672,0.8674357629785003,Eidu:c2c56000-1201-4c32-8cf8-a076f717de22/NumberLine13
673,0.8437898089171975,Eidu:c2c56000-1201-4c32-8cf8-a076f717de22/NumberLine14
674,0.8429720413634623,Eidu:c2c56000-1201-4c32-8cf8-a076f717de22/NumberLine15
675,0.8445226572811263,Eidu:c2c56000-1201-4c32-8cf8-a076f717de22/NumberLine16
676,0.8493970091654608,Eidu:c2c56000-1201-4c32-8cf8-a076f717de22/NumberLine18
677,0.8416326530612246,Eidu:c2c56000-1201-4c32-8cf8-a076f717de22/NumberLine19
678,0.886672202615736,Eidu:c2c56000-1201-4c32-8cf8-a076f717de22/TeaTime 16
679,0.8854607899255867,Eidu:c2c56000-1201-4c32-8cf8-a076f717de22/TeaTime 18
680,0.8493923514327127,Eidu:c2c56000-1201-4c32-8cf8-a076f717de22/TeaTime 20
681,0.8241233813473011,Eidu:c2c56000-1201-4c32-8cf8-a076f717de22/TeaTime 22
682,0.8577731457356262,Eidu:c2c56000-1201-4c32-8cf8-a076f717de22/Truck05
683,0.8511946656788294,Eidu:c2c56000-1201-4c32-8cf8-a076f717de22/Truck06
684,0.8931958128078819,Eidu:c2c56000-1201-4c32-8cf8-a076f717de22/Truck07
685,0.95,Eidu:c3d81c38-8adb-4719-9df7-0e0ede154791/Balloon1
686,0.9489205976162498,Eidu:c3d81c38-8adb-4719-9df7-0e0ede154791/Balloon2
687,0.95,Eidu:c3d81c38-8adb-4719-9df7-0e0ede154791/Balloon3
688,0.9449867025869513,Eidu:c3d81c38-8adb-4719-9df7-0e0ede154791/Balloon4
689,0.9278163749890072,Eidu:c3d81c38-8adb-4719-9df7-0e0ede154791/Balloon5
690,0.9149616519174042,Eidu:c74a41ac-08ad-4b5e-b155-5fbfc44c5338/CardBox1
691,0.9105478846415455,Eidu:c74a41ac-08ad-4b5e-b155-5fbfc44c5338/CardBox2
692,0.8759559524841759,Eidu:c74a41ac-08ad-4b5e-b155-5fbfc44c5338/CardBox3
693,0.9062023185730188,Eidu:d013a625-6097-483a-bbec-deb5fd9e2c53/Categorization2
694,0.9149449104062126,Eidu:d013a625-6097-483a-bbec-deb5fd9e2c53/Categorization3
695,0.9246052910052911,Eidu:d013a625-6097-483a-bbec-deb5fd9e2c53/Categorization4
696,0.8313057583130576,Eidu:d0b8b424-66e9-4985-9f3e-6dd5df1f190f/CargoExercise26
697,0.8372239747634069,Eidu:d0b8b424-66e9-4985-9f3e-6dd5df1f190f/CargoExercise27
698,0.8824412906510533,Eidu:d92fd890-3529-407f-9a32-d6d6c8a963e6/Scales3
699,0.8461104795128561,Eidu:d92fd890-3529-407f-9a32-d6d6c8a963e6/Scales4
700,0.9384615384615385,Eidu:dba60b3e-db73-462e-b026-a90e82e6d144/ArithmeticTest11
701,0.949308176100629,Eidu:dd32e739-e46f-485f-a53f-981c26739f57/Currency01
702,0.9150353178607468,Eidu:dd32e739-e46f-485f-a53f-981c26739f57/Currency03
703,0.878317901234568,Eidu:dd32e739-e46f-485f-a53f-981c26739f57/Currency05
704,0.8901234567901235,Eidu:dd32e739-e46f-485f-a53f-981c26739f57/Currency06
705,0.8700472711645897,Eidu:dd32e739-e46f-485f-a53f-981c26739f57/Currency07
706,0.9491525423728814,Eidu:e0b72484-0528-45af-934f-affa825ef366/Discrimination_ChallengeCase(bdp)
707,0.9375394321766563,Eidu:e0b72484-0528-45af-934f-affa825ef366/Discrimination_ChallengeCase(ijk)
708,0.95,Eidu:e0b72484-0528-45af-934f-affa825ef366/Discrimination_ChallengeCase(khr)
709,0.9453580901856764,Eidu:e0b72484-0528-45af-934f-affa825ef366/Discrimination_ChallengeCase(oqp)
710,0.95,Eidu:e0b72484-0528-45af-934f-affa825ef366/Discrimination_ChallengeCase(uvw)
711,0.95,Eidu:e0b72484-0528-45af-934f-affa825ef366/Discrimination_DifferentCase(abc)
712,0.95,Eidu:e0b72484-0528-45af-934f-affa825ef366/Discrimination_DifferentCase(def)
713,0.95,Eidu:e0b72484-0528-45af-934f-affa825ef366/Discrimination_DifferentCase(ghi)
714,0.95,Eidu:e0b72484-0528-45af-934f-affa825ef366/Discrimination_DifferentCase(jkl)
715,0.95,Eidu:e0b72484-0528-45af-934f-affa825ef366/Discrimination_DifferentCase(mno)
716,0.95,Eidu:e0b72484-0528-45af-934f-affa825ef366/Discrimination_DifferentCase(pqr)
717,0.95,Eidu:e0b72484-0528-45af-934f-affa825ef366/Discrimination_DifferentCase(stu)
718,0.95,Eidu:e0b72484-0528-45af-934f-affa825ef366/Discrimination_DifferentCase(vwx)
719,0.95,Eidu:e0b72484-0528-45af-934f-affa825ef366/Discrimination_DifferentCase(yz)
720,0.9236697247706422,Eidu:e89f66f8-2263-4d7c-a9ec-a347407e9641/B_JumpByTwoTo10
721,0.8977777777777778,Eidu:e89f66f8-2263-4d7c-a9ec-a347407e9641/B_JumpByTwoTo100_01
722,0.8776011560693642,Eidu:e89f66f8-2263-4d7c-a9ec-a347407e9641/B_JumpByTwoTo100_02
723,0.8872996300863132,Eidu:e89f66f8-2263-4d7c-a9ec-a347407e9641/B_JumpByTwoTo20
724,0.8916857360793288,Eidu:e89f66f8-2263-4d7c-a9ec-a347407e9641/B_JumpByTwoTo20B
725,0.8923476005188068,Eidu:e89f66f8-2263-4d7c-a9ec-a347407e9641/C_JumpBy5_01
726,0.858139534883721,Eidu:e89f66f8-2263-4d7c-a9ec-a347407e9641/C_JumpBy5_02
727,0.8971355824315723,Eidu:e89f66f8-2263-4d7c-a9ec-a347407e9641/D_JumpBy10_shifted01
728,0.8897600000000001,Eidu:e89f66f8-2263-4d7c-a9ec-a347407e9641/D_JumpBy10_shifted02
729,0.8373507057546146,Eidu:ec9645f7-1103-4fdd-9b82-407c0a3d98a0/CargoExercise24
730,0.8138796603912883,Eidu:ec9645f7-1103-4fdd-9b82-407c0a3d98a0/CargoExercise25
731,0.9010484927916121,Eidu:ec9645f7-1103-4fdd-9b82-407c0a3d98a0/D_CargoAdditionWithoutRegrouping01
732,0.95,InAppContent:EasyAddition
733,0.95,InAppContent:EasyAddition:egma_test_easy_addition
734,0.95,InAppContent:EasySubtraction
735,0.95,InAppContent:EasySubtraction:egma_test_easy_subtraction
736,0.95,InAppContent:EasySubtractionFeedbackUnit
737,0.95,InAppContent:EasySubtractionFeedbackUnit:egma_feedback_easy_subtraction
738,0.95,InAppContent:KeyboardPractice
739,0.95,InAppContent:KeyboardPractice:egma_keyboard_practice
740,0.95,InAppContent:MelqoTestUnit7
741,0.95,InAppContent:MissingNumber
742,0.95,InAppContent:MissingNumber:egma_test_missing_number
743,0.95,InAppContent:MissingNumberPractice
744,0.95,InAppContent:MissingNumberPractice:egma_test_missing_number_practice
745,0.95,InAppContent:NumberDiscrimination
746,0.95,InAppContent:NumberDiscrimination:egma_test_number_discrimination
747,0.95,InAppContent:NumberDiscriminationPractice
748,0.95,InAppContent:NumberDiscriminationPractice:egma_test_number_discrimination_practice
749,0.95,InAppContent:NumberIdentification
750,0.95,InAppContent:NumberIdentification:egma_test_number_identification
751,0.95,InAppContent:ShortenedEgraTestUnit1
752,0.95,InAppContent:ShortenedEgraTestUnit1:egra_shortened_test_tu1
753,0.95,InAppContent:ShortenedEgraTestUnit4
754,0.95,InAppContent:ShortenedEgraTestUnit4:egra_shortened_test_tu4
755,0.95,InAppContent:ShortenedUsaidEgraTestUnit8
756,0.871914255091104,OneBillion:10.OC_Th2
757,0.8737007741854269,OneBillion:100.OC_TalkingHead
758,0.9045831301803998,OneBillion:1001.OC_Patterns_S6
759,0.9196460176991151,OneBillion:1003.OC_SentenceRead
760,0.9142857142857144,OneBillion:1006.OC_Pws1
761,0.9300509337860782,OneBillion:1007.OC_Mwyh1
762,0.95,OneBillion:1009.OC_Crdw
763,0.9457997675309231,OneBillion:101.OC_ReadingReadToMeNTx.xr-millipedesboots
764,0.95,OneBillion:1013.OC_TalkingHead
765,0.8893155009492119,OneBillion:1017.OC_Shapes_S1
766,0.883983286908078,OneBillion:102.OC_ReadingReadToMeNTx.xr-millipedesboots
767,0.8898876404494382,OneBillion:1021.OC_Pws1
768,0.9140065146579806,OneBillion:1022.OC_Mwyh1
769,0.95,OneBillion:1026.OC_TalkingHead
770,0.95,OneBillion:1027.OC_Lg1
771,0.9474489795918368,OneBillion:1028.OC_Lg1
772,0.8808655332302937,OneBillion:1029.OC_Shapes_S2
773,0.8630953106896763,OneBillion:103.OC_Patterns_S1
774,0.8923057008232798,OneBillion:1030.OC_Shapes_S3
775,0.9445025876940771,OneBillion:1031.OC_Shapes_S4
776,0.9122381477398016,OneBillion:1033.OC_SentenceRead
777,0.95,OneBillion:1039.OC_Crdw
778,0.8299152623060079,OneBillion:104.OC_Patterns_S2
779,0.8933823529411765,OneBillion:1041.OC_ReadingReadToMeNTx.xr-penguinshome
780,0.95,OneBillion:1043.OC_TalkingHead
781,0.95,OneBillion:1045.OC_Lg1
782,0.840480622778812,OneBillion:1047.OC_MoreAddSubtract_S1
783,0.8586244354239323,OneBillion:105.OC_Patterns_S3
784,0.8883116883116884,OneBillion:1052.OC_Pws1
785,0.9201005025125628,OneBillion:1053.OC_Mwyh1
786,0.95,OneBillion:1056.OC_Crdw
787,0.95,OneBillion:1058.OC_Lg1
788,0.95,OneBillion:1059.OC_Lg1
789,0.8999539255436786,OneBillion:106.OC_Th2
790,0.8745918794474676,OneBillion:1060.OC_MoreAddSubtract_S2a
791,0.9217524980784013,OneBillion:1063.OC_SentenceRead
792,0.8891089108910891,OneBillion:1066.OC_Pws1
793,0.914745308310992,OneBillion:1067.OC_Mwyh1
794,0.95,OneBillion:1069.OC_Crdw
795,0.8854024556616644,OneBillion:107.OC_Th2
796,0.8777513855898654,OneBillion:1071.OC_ReadingReadToMeNTx.xr-howantsaveddove
797,0.95,OneBillion:1073.OC_TalkingHead
798,0.9292534535824208,OneBillion:108.OC_LetterTrace
799,0.8996167395764779,OneBillion:11.OC_ReadingReadToMeNTx.xr-redball
800,0.9091999755157006,OneBillion:110.OC_Mgp
801,0.8914092983268302,OneBillion:111.OC_LetterTrace
802,0.8861264023413002,OneBillion:113.OC_Puzzle
803,0.9127190831653318,OneBillion:115.OC_Sm3a
804,0.9150222425002852,OneBillion:116.OC_Lg1
805,0.9354945594371268,OneBillion:117.OC_ReadingReadToMeNTx.xr-allthethings
806,0.8856887298747764,OneBillion:118.OC_ReadingReadToMeNTx.xr-allthethings
807,0.8563702151971053,OneBillion:12.OC_ReadingReadToMeNTx.xr-redball
808,0.8934957843046419,OneBillion:122.OC_Th2
809,0.883554251088809,OneBillion:123.OC_Th2
810,0.8693445643590418,OneBillion:127.OC_Puzzle
811,0.9164153295532232,OneBillion:129.OC_Sm3a
812,0.8620078803011629,OneBillion:13.OC_Sorting_S1
813,0.9206933998310743,OneBillion:130.OC_Lg1
814,0.8841184767277857,OneBillion:131.OC_TalkingHead
815,0.9380019509022923,OneBillion:132.OC_ReadingReadToMeNTx.xr-myhome
816,0.8881118881118881,OneBillion:133.OC_ReadingReadToMeNTx.xr-myhome
817,0.8322987192274413,OneBillion:135.OC_Patterns_S7
818,0.8791237677984667,OneBillion:137.OC_Mwyh1
819,0.8550933469652918,OneBillion:14.OC_Sorting_S2
820,0.8836209185027875,OneBillion:142.OC_Mwyh1
821,0.9413410730291519,OneBillion:147.OC_ReadingReadToMeNTx.xr-thelostcows
822,0.8983702465524447,OneBillion:148.OC_ReadingReadToMeNTx.xr-thelostcows
823,0.8787805300536983,OneBillion:149.OC_Counting4To6_S1
824,0.9181338360037701,OneBillion:15.OC_Sorting_S3
825,0.9280426052034224,OneBillion:150.OC_Counting4To6_S2
826,0.8773593582341219,OneBillion:151.OC_Th2
827,0.8764368892050773,OneBillion:152.OC_Sm2
828,0.8772855133614628,OneBillion:154.OC_Mwyh1
829,0.9442255916111663,OneBillion:155.OC_Crdp
830,0.9180959874114871,OneBillion:159.OC_Crdw
831,0.938966038773546,OneBillion:161.OC_ReadingReadToMeNTx.xr-football
832,0.8890645586297761,OneBillion:162.OC_ReadingReadToMeNTx.xr-football
833,0.9262122110254891,OneBillion:164.OC_Counting4To6_S3
834,0.8775728732897086,OneBillion:165.OC_Counting4To6_S4
835,0.9402829986858593,OneBillion:166.OC_Lg1
836,0.833883135148958,OneBillion:168.OC_Puzzle
837,0.8574391563951256,OneBillion:169.OC_TalkingHead
838,0.8913306376822347,OneBillion:170.OC_Th2
839,0.8903114186851211,OneBillion:175.OC_Sm3b
840,0.95,OneBillion:177.OC_ReadingReadToMeNTx.xr-ourfamily
841,0.8943289224952742,OneBillion:178.OC_ReadingReadToMeNTx.xr-ourfamily
842,0.8751074190776282,OneBillion:179.OC_Counting4To6_S4
843,0.8302070235024177,OneBillion:18.OC_Puzzle
844,0.8790583619421286,OneBillion:180.OC_Counting4To6_S5
845,0.8997029751180796,OneBillion:181.OC_Th2
846,0.8772629701793204,OneBillion:182.OC_Sm2
847,0.9348913578895518,OneBillion:183.OC_Lg1
848,0.9279819370912489,OneBillion:184.OC_Mgp
849,0.8841240774651795,OneBillion:185.OC_LetterTrace
850,0.9070937760654566,OneBillion:187.OC_Puzzle
851,0.911859710771726,OneBillion:189.OC_Sm3a
852,0.8917828095765399,OneBillion:19.OC_Th2
853,0.9452349783040377,OneBillion:190.OC_ReadingReadToMeNTx.xr-rain
854,0.910655737704918,OneBillion:191.OC_ReadingReadToMeNTx.xr-rain
855,0.8766256590509667,OneBillion:193.OC_Counting4To6_S4
856,0.8877780131328109,OneBillion:194.OC_Counting4To6_S5
857,0.8445406125166445,OneBillion:195.OC_Counting4To6_S6
858,0.8792628878003266,OneBillion:196.OC_Sm2
859,0.8886840712647733,OneBillion:197.OC_Th2
860,0.9360997328584151,OneBillion:198.OC_LetterTrace
861,0.878888484627979,OneBillion:20.OC_Th2
862,0.9363002294919678,OneBillion:200.OC_Mgp
863,0.9057253313696614,OneBillion:201.OC_LetterTrace
864,0.9136602595695745,OneBillion:203.OC_Puzzle
865,0.9241592482690406,OneBillion:205.OC_Lg1
866,0.9456220876860686,OneBillion:206.OC_ReadingReadToMeNTx.xr-dayzoo
867,0.9050691244239631,OneBillion:207.OC_ReadingReadToMeNTx.xr-dayzoo
868,0.87921742340347,OneBillion:208.OC_Counting4To6_S4
869,0.8414159292035399,OneBillion:209.OC_Counting4To6_S6
870,0.9017690040922655,OneBillion:21.OC_Mgp
871,0.8343368107302533,OneBillion:210.OC_Counting4To6_S7
872,0.8860735590747179,OneBillion:211.OC_Th2
873,0.9418056008223231,OneBillion:213.OC_LetterTrace
874,0.9218850678054994,OneBillion:215.OC_Mgp
875,0.9166171519112696,OneBillion:216.OC_LetterTrace
876,0.9023099133782484,OneBillion:218.OC_Puzzle
877,0.8806810183012671,OneBillion:22.OC_LetterTrace
878,0.9253001674240613,OneBillion:220.OC_Lg1
879,0.9083230926779314,OneBillion:221.OC_Sm3a
880,0.9361828370508736,OneBillion:222.OC_ReadingReadToMeNTx.xr-malookaloo
881,0.8923226433430516,OneBillion:223.OC_ReadingReadToMeNTx.xr-malookaloo
882,0.9496453900709221,OneBillion:224.OC_Counting7To10_S1
883,0.95,OneBillion:225.OC_Counting7To10_S2
884,0.8875795263929398,OneBillion:226.OC_Th2
885,0.866624149659864,OneBillion:227.OC_Sm2
886,0.9356927371786213,OneBillion:228.OC_LetterTrace
887,0.8871563397620025,OneBillion:232.OC_Puzzle
888,0.9065220556121707,OneBillion:233.OC_Lg1
889,0.9113087945453577,OneBillion:236.OC_Sm3a
890,0.9466679358431298,OneBillion:237.OC_ReadingReadToMeNTx.xr-funwithpaint
891,0.9068197164078327,OneBillion:238.OC_ReadingReadToMeNTx.xr-funwithpaint
892,0.9410681140010808,OneBillion:239.OC_Counting7To10_S3
893,0.8762763137377203,OneBillion:24.OC_Puzzle
894,0.8777683375814218,OneBillion:240.OC_Counting7To10_S4
895,0.9223171889838557,OneBillion:242.OC_Lg1
896,0.8539483394833949,OneBillion:244.OC_Mwyh1
897,0.9350993377483444,OneBillion:245.OC_Crdw
898,0.9123859191655802,OneBillion:249.OC_Lg1
899,0.8931981260748385,OneBillion:250.OC_Th2
900,0.9457334390320868,OneBillion:252.OC_ReadingReadToMeNTx.xr-liketoread
901,0.95,OneBillion:254.OC_Counting7To10_S2
902,0.8807770961145195,OneBillion:255.OC_Counting7To10_S4
903,0.9075268817204302,OneBillion:256.OC_Lg1
904,0.9339887640449439,OneBillion:257.OC_Crdw
905,0.8888965136005795,OneBillion:258.OC_Th2
906,0.8609644087256028,OneBillion:259.OC_Mwyh1
907,0.86987054442277,OneBillion:26.OC_Sm3a
908,0.8808493653707992,OneBillion:261.OC_TalkingHead
909,0.9484157301297311,OneBillion:267.OC_ReadingReadToMeNTx.xr-temboumbrella
910,0.8758383096003676,OneBillion:269.OC_Counting7To10_S4
911,0.924301720132399,OneBillion:27.OC_ReadingReadToMeNTx.xr-averytallman
912,0.9440863438764804,OneBillion:270.OC_Counting7To10_S5
913,0.8981862610857155,OneBillion:271.OC_Th2
914,0.8709783602560195,OneBillion:272.OC_Sm2
915,0.9406399341709657,OneBillion:273.OC_Mgp
916,0.8992726471236501,OneBillion:274.OC_LetterTrace
917,0.8793388429752067,OneBillion:276.OC_Puzzle
918,0.8930159775984188,OneBillion:279.OC_TalkingHead
919,0.8721773142112126,OneBillion:28.OC_ReadingReadToMeNTx.xr-averytallman
920,0.9027065261903876,OneBillion:280.OC_Sm3a
921,0.9498962997249496,OneBillion:281.OC_ReadingReadToMeNTx.xr-teeth
922,0.8910277324632954,OneBillion:282.OC_ReadingReadToMeNTx.xr-teeth
923,0.9469967144087531,OneBillion:283.OC_Counting7To10_S3
924,0.8284213040363029,OneBillion:284.OC_Counting7To10_S6
925,0.8243533345064227,OneBillion:285.OC_Counting7To10_S7
926,0.9238039864633183,OneBillion:287.OC_LetterTrace
927,0.9311932162325863,OneBillion:289.OC_Mgp
928,0.875732025727568,OneBillion:29.OC_Sorting_S4
929,0.9273352855051245,OneBillion:290.OC_LetterTrace
930,0.9279424216765454,OneBillion:292.OC_Puzzle
931,0.9400518973288927,OneBillion:294.OC_Sm3a
932,0.9277970297029703,OneBillion:295.OC_Lg1
933,0.938003745453236,OneBillion:296.OC_ReadingReadToMeNTx.xr-manwhosneezedloudly
934,0.9046696035242291,OneBillion:297.OC_ReadingReadToMeNTx.xr-manwhosneezedloudly
935,0.9303900896151819,OneBillion:298.OC_Numbers1To10_S1
936,0.8485707057930686,OneBillion:299.OC_Numbers1To10_S2
937,0.9059335609098643,OneBillion:3.OC_Puzzle
938,0.9053824086339589,OneBillion:30.OC_Sorting_S5
939,0.8732380952380953,OneBillion:300.OC_Numbers1To10_S3
940,0.9448062015503876,OneBillion:301.OC_Crdw
941,0.8938076050206105,OneBillion:302.OC_Th2
942,0.9444962257958649,OneBillion:303.OC_LetterTrace
943,0.9363970001595661,OneBillion:305.OC_Mgp
944,0.8918142235123367,OneBillion:306.OC_LetterTrace
945,0.9044899921860913,OneBillion:308.OC_Puzzle
946,0.9195392434514785,OneBillion:310.OC_Sm3a
947,0.9078600636074512,OneBillion:311.OC_Lg1
948,0.9113396530137722,OneBillion:314.OC_Numbers1To10_S1
949,0.8943182481751826,OneBillion:315.OC_Numbers1To10_S4
950,0.8821451304901338,OneBillion:316.OC_Th2
951,0.869506319391104,OneBillion:317.OC_Sm2
952,0.9067357512953369,OneBillion:318.OC_Lg1
953,0.9344815527190069,OneBillion:319.OC_LetterTrace
954,0.95,OneBillion:324.OC_Puzzle
955,0.9238390572912629,OneBillion:325.OC_Lg1
956,0.9286890668768739,OneBillion:326.OC_Sm3a
957,0.9129121425886204,OneBillion:33.OC_LetterTrace
958,0.9204093128051071,OneBillion:330.OC_Numbers1To10_S5
959,0.8949554896142433,OneBillion:331.OC_Lg1
960,0.872988047808765,OneBillion:333.OC_Mwyh1
961,0.9049157223554551,OneBillion:336.OC_Crdw
962,0.8908496732026144,OneBillion:338.OC_TalkingHead
963,0.8968311501884084,OneBillion:339.OC_Th2
964,0.9044117647058825,OneBillion:340.OC_Sm3b
965,0.8606009547879809,OneBillion:345.OC_Numbers1To10_S6
966,0.8493087557603687,OneBillion:346.OC_Mwyh1
967,0.9464365904365905,OneBillion:347.OC_Lg1
968,0.95,OneBillion:348.OC_Crdw
969,0.8347000324019841,OneBillion:35.OC_Puzzle
970,0.8935185999472343,OneBillion:350.OC_Th2
971,0.9209302325581395,OneBillion:356.OC_Lg1
972,0.8849143356194293,OneBillion:36.OC_Th2
973,0.8660746003552399,OneBillion:360.OC_Numbers1To10_S7
974,0.9264761012183693,OneBillion:362.OC_Mgp
975,0.9182821384986888,OneBillion:363.OC_LetterTrace
976,0.9281227946365562,OneBillion:365.OC_Puzzle
977,0.9360054159144564,OneBillion:367.OC_Sm3a
978,0.879344262295082,OneBillion:368.OC_Pws1
979,0.9392592592592593,OneBillion:369.OC_Lg1
980,0.9121932099832843,OneBillion:37.OC_Mgp
981,0.8728817070644292,OneBillion:373.OC_Numbers1To10_S3
982,0.9330096446901429,OneBillion:374.OC_Lg3
983,0.9061083743842365,OneBillion:375.OC_MissingNumbers
984,0.9361963190184049,OneBillion:378.OC_Crdw
985,0.9421554464027738,OneBillion:379.OC_LetterTrace
986,0.8771733212341198,OneBillion:38.OC_LetterTrace
987,0.9198479556194782,OneBillion:380.OC_Mgp
988,0.9031375958270766,OneBillion:381.OC_LetterTrace
989,0.9176334106728539,OneBillion:383.OC_Puzzle
990,0.9331491076568798,OneBillion:385.OC_Sm3a
991,0.8941559763795561,OneBillion:388.OC_Numbers1To10_S4
992,0.9066092943201378,OneBillion:389.OC_MissingNumbers
993,0.9191800517602597,OneBillion:390.OC_MissingNumbers
994,0.8775862068965518,OneBillion:391.OC_Pws1
995,0.9111111111111112,OneBillion:394.OC_Lg1
996,0.9241935483870969,OneBillion:396.OC_Segblend3
997,0.8741659210021732,OneBillion:4.OC_Th2
998,0.8970884019147162,OneBillion:40.OC_Puzzle
999,0.9211376820172843,OneBillion:402.OC_Numbers1To10_S5
1000,0.8761583525652406,OneBillion:403.OC_AddTakeAway_S1
1001,0.8676061493411421,OneBillion:404.OC_AddTakeAway_S2
1002,0.9137254901960785,OneBillion:406.OC_Mgp
1003,0.9400749063670413,OneBillion:410.OC_Lg1
1004,0.9150442477876106,OneBillion:411.OC_Segblend3
1005,0.8604479578392622,OneBillion:419.OC_AddTakeAway_S3
1006,0.934872429167266,OneBillion:42.OC_ReadingReadToMeNTx.xr-bestfriend
1007,0.864364105874758,OneBillion:420.OC_AddTakeAway_S4
1008,0.9212598425196851,OneBillion:421.OC_Lg1
1009,0.8934246575342466,OneBillion:423.OC_Mwyh1
1010,0.9327586206896552,OneBillion:425.OC_Pws3
1011,0.9323446167779916,OneBillion:426.OC_Mgp
1012,0.914321182710755,OneBillion:427.OC_LetterTrace
1013,0.9141650496518663,OneBillion:429.OC_Puzzle
1014,0.8626740947075209,OneBillion:43.OC_ReadingReadToMeNTx.xr-bestfriend
1015,0.9272638044579534,OneBillion:431.OC_Sm3a
1016,0.8608886450905102,OneBillion:434.OC_AddTakeAway_S3
1017,0.8687034277198212,OneBillion:435.OC_AddTakeAway_S4
1018,0.9412625418060201,OneBillion:436.OC_LetterTrace
1019,0.9413984461709213,OneBillion:437.OC_Crdw
1020,0.930232558139535,OneBillion:438.OC_Segblend3
1021,0.9169936613341383,OneBillion:439.OC_Mgp
1022,0.874689919567015,OneBillion:44.OC_CountingTo3_S1
1023,0.9149833626932864,OneBillion:440.OC_LetterTrace
1024,0.9252396166134186,OneBillion:442.OC_Puzzle
1025,0.9413384353034148,OneBillion:444.OC_Sm3a
1026,0.842296511627907,OneBillion:447.OC_AddTakeAway_S5
1027,0.863359639233371,OneBillion:448.OC_AddTakeAway_S6
1028,0.9444981908207961,OneBillion:449.OC_Lg3
1029,0.9307231519792504,OneBillion:45.OC_CountingTo3_S2
1030,0.9200666781629017,OneBillion:450.OC_MissingNumbers
1031,0.9431242563318035,OneBillion:451.OC_LetterTrace
1032,0.9177680710159223,OneBillion:455.OC_Mgp
1033,0.8960336538461539,OneBillion:456.OC_LetterTrace
1034,0.920145605824233,OneBillion:458.OC_Puzzle
1035,0.915499237357738,OneBillion:460.OC_Sm3a
1036,0.8374928666539853,OneBillion:463.OC_AddTakeAway_S7
1037,0.8644453474197481,OneBillion:464.OC_Cwys1
1038,0.8970884658454648,OneBillion:465.OC_MissingNumbers
1039,0.9078431372549021,OneBillion:466.OC_Lg1
1040,0.9020833333333333,OneBillion:468.OC_Segblend3
1041,0.9156156156156157,OneBillion:469.OC_Mwyh1
1042,0.8934579439252337,OneBillion:474.OC_TalkingHead
1043,0.9415384615384617,OneBillion:475.OC_Sm3c
1044,0.8694352159468439,OneBillion:479.OC_AddTakeAway_S4
1045,0.9195719140017149,OneBillion:48.OC_LetterTrace
1046,0.8521588946459413,OneBillion:480.OC_AddTakeAway_S5
1047,0.9137614678899083,OneBillion:481.OC_Lg1
1048,0.9304559270516718,OneBillion:482.OC_Crdw
1049,0.9496567505720824,OneBillion:483.OC_Pws3
1050,0.9214488001192429,OneBillion:484.OC_Mgp
1051,0.9070759289176091,OneBillion:485.OC_LetterTrace
1052,0.9206521739130435,OneBillion:487.OC_Puzzle
1053,0.9467365756644368,OneBillion:489.OC_Sm3a
1054,0.9131551749593977,OneBillion:490.OC_TalkingHead
1055,0.9056192045747871,OneBillion:493.OC_Count20_S1
1056,0.8423582624595509,OneBillion:494.OC_Count20_S2
1057,0.9276822386215648,OneBillion:495.OC_CountingPractice
1058,0.9130434782608696,OneBillion:497.OC_Segblend3
1059,0.9065346534653466,OneBillion:498.OC_Mwyh1
1060,0.8626032990576912,OneBillion:5.OC_Sm2
1061,0.8909627401064569,OneBillion:50.OC_Th2
1062,0.9272727272727274,OneBillion:500.OC_Mgp
1063,0.9107913669064749,OneBillion:501.OC_Segblend3
1064,0.9132530120481929,OneBillion:503.OC_Lg1
1065,0.8610447016735179,OneBillion:508.OC_Count20_S3
1066,0.9364584152962468,OneBillion:509.OC_CountingPractice
1067,0.9107129162610978,OneBillion:51.OC_Mgp
1068,0.8754998039984321,OneBillion:510.OC_Cwys1
1069,0.948432055749129,OneBillion:511.OC_Crdw
1070,0.8843601895734597,OneBillion:512.OC_Pws1
1071,0.9290533959089702,OneBillion:515.OC_Mgp
1072,0.9165609792066067,OneBillion:516.OC_LetterTrace
1073,0.9209828956877861,OneBillion:518.OC_Puzzle
1074,0.9020344183564568,OneBillion:52.OC_LetterTrace
1075,0.9158093695153234,OneBillion:520.OC_Sm3a
1076,0.8293771423416922,OneBillion:523.OC_Count20_S4
1077,0.886535552193646,OneBillion:524.OC_Cwys1
1078,0.9394176477100786,OneBillion:525.OC_CountingPractice
1079,0.9123809523809524,OneBillion:527.OC_Segblend3
1080,0.9112244897959184,OneBillion:528.OC_Mwyh1
1081,0.9376344086021506,OneBillion:532.OC_Mgp
1082,0.9016666666666667,OneBillion:533.OC_Segblend3
1083,0.9023041474654379,OneBillion:534.OC_Mwyh1
1084,0.8351160150548339,OneBillion:538.OC_Count20_S5
1085,0.9316422068040546,OneBillion:539.OC_Lg3
1086,0.897334862694825,OneBillion:54.OC_Puzzle
1087,0.8943483089348814,OneBillion:540.OC_MissingNumbers
1088,0.9008547008547009,OneBillion:541.OC_Pws1
1089,0.9414634146341464,OneBillion:547.OC_Mgp
1090,0.9246376811594204,OneBillion:549.OC_Segblend3
1091,0.897080291970803,OneBillion:550.OC_Mwyh1
1092,0.9156421651163433,OneBillion:553.OC_Count20_S1
1093,0.8345554600970582,OneBillion:554.OC_Count20_S6
1094,0.9142252066115704,OneBillion:555.OC_MissingNumbers
1095,0.8842490842490843,OneBillion:557.OC_Pws1
1096,0.8682671408812488,OneBillion:559.OC_Spell2
1097,0.9203001316645252,OneBillion:56.OC_Lg1
1098,0.8942307692307693,OneBillion:561.OC_Pws1
1099,0.8901799364930025,OneBillion:569.OC_MissingNumbers
1100,0.9179615705931496,OneBillion:57.OC_ReadingReadToMeNTx.xr-someonelikeme
1101,0.9078629817049436,OneBillion:570.OC_MissingNumbers
1102,0.8926108374384237,OneBillion:571.OC_Pws1
1103,0.95,OneBillion:572.OC_Crdw
1104,0.8600682593856656,OneBillion:573.OC_Puzzle
1105,0.9264705882352942,OneBillion:574.OC_Segblend3
1106,0.9,OneBillion:575.OC_Mwyh1
1107,0.8827746741154563,OneBillion:58.OC_ReadingReadToMeNTx.xr-someonelikeme
1108,0.8746709470304976,OneBillion:583.OC_Cwys1
1109,0.9173767805369974,OneBillion:584.OC_CountingPractice
1110,0.9181037771842808,OneBillion:585.OC_MissingNumbers
1111,0.8916201117318436,OneBillion:586.OC_Pws1
1112,0.9168865435356202,OneBillion:587.OC_Lg1
1113,0.8698405141632946,OneBillion:59.OC_CountingTo3_S3
1114,0.8980132450331126,OneBillion:591.OC_Pws1
1115,0.8920869381726103,OneBillion:592.OC_Crdw
1116,0.9157894736842106,OneBillion:594.OC_Segblend3
1117,0.9108910891089109,OneBillion:595.OC_Mwyh1
1118,0.8665262371615313,OneBillion:6.OC_Th2
1119,0.8436449506875956,OneBillion:60.OC_CountingTo3_S4
1120,0.9339861491383477,OneBillion:600.OC_Lg3
1121,0.9161993170121687,OneBillion:601.OC_Mgp
1122,0.915666322032976,OneBillion:602.OC_LetterTrace
1123,0.92,OneBillion:606.OC_Segblend3
1124,0.9119473189087489,OneBillion:607.OC_Mwyh1
1125,0.8650810656381688,OneBillion:61.OC_Sm2
1126,0.8984492932619734,OneBillion:615.OC_MissingNumbers
1127,0.9353209354193316,OneBillion:616.OC_Mgp
1128,0.8863033873343152,OneBillion:617.OC_LetterTrace
1129,0.8817098899672174,OneBillion:62.OC_Th2
1130,0.9384615384615385,OneBillion:621.OC_Segblend3
1131,0.9279069767441861,OneBillion:622.OC_Mwyh1
1132,0.9019577785564121,OneBillion:630.OC_MissingNumbers
1133,0.9279409455002356,OneBillion:631.OC_Mgp
1134,0.901893058784457,OneBillion:632.OC_LetterTrace
1135,0.8932203389830509,OneBillion:635.OC_Pws1
1136,0.95,OneBillion:636.OC_Lg1
1137,0.95,OneBillion:639.OC_Sm3c
1138,0.9258384256363374,OneBillion:645.OC_MissingNumbers
1139,0.9236739469578784,OneBillion:646.OC_Lg1
1140,0.8864864864864865,OneBillion:647.OC_Pws1
1141,0.95,OneBillion:648.OC_Crdw
1142,0.9333333333333333,OneBillion:649.OC_Segblend3
1143,0.8803827751196173,OneBillion:650.OC_Mwyh1
1144,0.95,OneBillion:653.OC_Sm3c
1145,0.8890678941311854,OneBillion:658.OC_Cwys1
1146,0.8609448818897638,OneBillion:659.OC_CountMore_S3
1147,0.9311481645850505,OneBillion:66.OC_Puzzle
1148,0.95,OneBillion:660.OC_CountingPractice
1149,0.9314508276533593,OneBillion:661.OC_Mgp
1150,0.9454545454545455,OneBillion:667.OC_Segblend3
1151,0.9319919517102616,OneBillion:668.OC_Mwyh1
1152,0.9198754520664514,OneBillion:67.OC_Lg1
1153,0.9262662807525326,OneBillion:674.OC_CountMore_S4
1154,0.904798161183738,OneBillion:675.OC_MissingNumbers
1155,0.9299220369091089,OneBillion:676.OC_Mgp
1156,0.9046346958480851,OneBillion:677.OC_LetterTrace
1157,0.9148148148148149,OneBillion:682.OC_Segblend3
1158,0.8962216624685139,OneBillion:683.OC_Mwyh1
1159,0.8380281690140845,OneBillion:689.OC_CountMore_S5
1160,0.9049822162558645,OneBillion:69.OC_Sm3a
1161,0.9487785016286645,OneBillion:690.OC_CountingPractice
1162,0.9246714880927498,OneBillion:691.OC_Mgp
1163,0.900129659643436,OneBillion:692.OC_LetterTrace
1164,0.9230769230769231,OneBillion:696.OC_Segblend3
1165,0.9450915141430949,OneBillion:697.OC_Mwyh1
1166,0.9171882664573727,OneBillion:7.OC_Puzzle
1167,0.9266142894275677,OneBillion:70.OC_ReadingReadToMeNTx.xr-littlesock
1168,0.95,OneBillion:704.OC_CountingPractice
1169,0.8994665324609965,OneBillion:705.OC_MissingNumbers
1170,0.9194605375629215,OneBillion:706.OC_Lg1
1171,0.9333333333333333,OneBillion:707.OC_Pws1
1172,0.9330285714285715,OneBillion:708.OC_Crdw
1173,0.9306122448979592,OneBillion:709.OC_Segblend3
1174,0.8745702430349733,OneBillion:71.OC_ReadingReadToMeNTx.xr-littlesock
1175,0.8783715012722647,OneBillion:710.OC_Mwyh1
1176,0.9318181818181819,OneBillion:711.OC_Sm3c
1177,0.9022169399437276,OneBillion:717.OC_MissingNumbers
1178,0.9292360840251853,OneBillion:718.OC_MissingNumbers
1179,0.9260252935026969,OneBillion:72.OC_Sorting_S6
1180,0.9499145109359388,OneBillion:720.OC_Lg3
1181,0.922,OneBillion:721.OC_Mgp
1182,0.9321100917431193,OneBillion:722.OC_Segblend3
1183,0.9294117647058824,OneBillion:724.OC_Lg1
1184,0.9382352941176471,OneBillion:727.OC_Crdw
1185,0.9170212765957447,OneBillion:729.OC_Pws1
1186,0.9017569047152916,OneBillion:73.OC_Sorting_S7
1187,0.9254533816940474,OneBillion:732.OC_SentenceRead
1188,0.8959673765292252,OneBillion:733.OC_Counting5and10_S1
1189,0.95,OneBillion:734.OC_CountingPractice
1190,0.95,OneBillion:737.OC_Segblend3
1191,0.95,OneBillion:739.OC_Lg1
1192,0.8499932786664874,OneBillion:74.OC_CountingTo3_S4
1193,0.95,OneBillion:742.OC_Crdw
1194,0.8925619834710744,OneBillion:744.OC_Pws1
1195,0.9165072765072766,OneBillion:747.OC_SentenceRead
1196,0.8872596153846154,OneBillion:748.OC_Counting5and10_S1
1197,0.884343891402715,OneBillion:749.OC_Counting5and10_S2
1198,0.9134223278778459,OneBillion:75.OC_CountingTo3_S5
1199,0.9166666666666667,OneBillion:751.OC_Mgp
1200,0.95,OneBillion:752.OC_Segblend3
1201,0.9221528397264348,OneBillion:753.OC_Mwyh1
1202,0.95,OneBillion:754.OC_Lg1
1203,0.95,OneBillion:757.OC_Crdw
1204,0.9139534883720931,OneBillion:759.OC_Pws1
1205,0.8969098914923731,OneBillion:76.OC_Th2
1206,0.9209928703459203,OneBillion:762.OC_SentenceRead
1207,0.8865427509293681,OneBillion:763.OC_Counting5and10_S2
1208,0.9018528797610552,OneBillion:764.OC_MissingNumbers
1209,0.9339622641509434,OneBillion:766.OC_Mgp
1210,0.922093023255814,OneBillion:767.OC_Mwyh1
1211,0.9482758620689655,OneBillion:768.OC_Lg1
1212,0.8915819409882688,OneBillion:77.OC_Th2
1213,0.9413333333333334,OneBillion:771.OC_Crdw
1214,0.918315156073712,OneBillion:773.OC_SentenceRead
1215,0.8972665148063782,OneBillion:774.OC_Pws1
1216,0.88300395256917,OneBillion:777.OC_Counting5and10_S3
1217,0.9360708534621579,OneBillion:778.OC_CountingPractice
1218,0.8690513824380517,OneBillion:78.OC_Sm2
1219,0.9153846153846155,OneBillion:781.OC_Mgp
1220,0.9223785746709033,OneBillion:782.OC_Mwyh1
1221,0.95,OneBillion:783.OC_Lg1
1222,0.95,OneBillion:786.OC_Crdw
1223,0.9078714859437751,OneBillion:788.OC_SentenceRead
1224,0.9069767441860466,OneBillion:789.OC_Pws1
1225,0.9116936488169365,OneBillion:79.OC_Mgp
1226,0.9368819864107463,OneBillion:792.OC_Lg3
1227,0.9419354838709678,OneBillion:796.OC_Mgp
1228,0.95,OneBillion:797.OC_Segblend3
1229,0.89375,OneBillion:798.OC_Mwyh1
1230,0.95,OneBillion:799.OC_Lg1
1231,0.8874506222171481,OneBillion:8.OC_Th2
1232,0.8874322519833477,OneBillion:80.OC_LetterTrace
1233,0.9391304347826087,OneBillion:802.OC_Crdw
1234,0.9217923920051581,OneBillion:803.OC_SentenceRead
1235,0.9040650406504066,OneBillion:804.OC_Pws1
1236,0.9464788732394367,OneBillion:807.OC_TalkingHead
1237,0.9160561765548868,OneBillion:809.OC_MissingNumbers
1238,0.9290322580645162,OneBillion:812.OC_Mgp
1239,0.9475409836065575,OneBillion:813.OC_Mwyh1
1240,0.95,OneBillion:814.OC_Lg1
1241,0.9467906153165118,OneBillion:817.OC_Crdw
1242,0.9313432835820896,OneBillion:818.OC_Pws1
1243,0.9161741985322519,OneBillion:82.OC_Puzzle
1244,0.8736429770565194,OneBillion:821.OC_Counting5and10_S4
1245,0.95,OneBillion:822.OC_CountingPractice
1246,0.95,OneBillion:823.OC_Lg3
1247,0.9142857142857144,OneBillion:826.OC_Mgp
1248,0.9334328358208955,OneBillion:828.OC_Mwyh1
1249,0.9461675579322639,OneBillion:829.OC_Lg1
1250,0.95,OneBillion:832.OC_Crdw
1251,0.9483146067415731,OneBillion:833.OC_Pws1
1252,0.9086131386861315,OneBillion:836.OC_SentenceRead
1253,0.8790469516468116,OneBillion:837.OC_Counting5and10_S4
1254,0.8911134527572884,OneBillion:838.OC_MissingNumbers
1255,0.9158391903289289,OneBillion:84.OC_Sm3a
1256,0.9205714285714286,OneBillion:843.OC_Mwyh1
1257,0.95,OneBillion:844.OC_Lg1
1258,0.95,OneBillion:846.OC_Crdw
1259,0.9377465945649942,OneBillion:85.OC_ReadingReadToMeNTx.xr-myfriends
1260,0.9255319148936171,OneBillion:850.OC_PhraseMake
1261,0.9401492537313434,OneBillion:851.OC_SentenceRead
1262,0.9255584756898818,OneBillion:853.OC_CountingPractice
1263,0.9456959706959708,OneBillion:854.OC_Counting5and10_S5
1264,0.9460122699386504,OneBillion:857.OC_Mwyh1
1265,0.8813397129186603,OneBillion:86.OC_ReadingReadToMeNTx.xr-myfriends
1266,0.9270588235294118,OneBillion:866.OC_SentenceRead
1267,0.95,OneBillion:867.OC_Lg3
1268,0.8759326993416241,OneBillion:868.OC_MissingNumbers
1269,0.8715316079762411,OneBillion:87.OC_CountingTo3_S3
1270,0.9326488706365503,OneBillion:872.OC_Mwyh1
1271,0.95,OneBillion:876.OC_Crdw
1272,0.9170212765957447,OneBillion:878.OC_Pws1
1273,0.8483927019982624,OneBillion:88.OC_CountingTo3_S4
1274,0.9395239691585653,OneBillion:881.OC_Counting5and10_S5
1275,0.9081860050512555,OneBillion:882.OC_MissingNumbers
1276,0.9486302927891334,OneBillion:883.OC_Lg3
1277,0.9478260869565218,OneBillion:886.OC_Mgp
1278,0.9298387096774194,OneBillion:887.OC_Mwyh1
1279,0.95,OneBillion:888.OC_Lg1
1280,0.95,OneBillion:891.OC_Crdw
1281,0.931424346306379,OneBillion:896.OC_Lg3
1282,0.9066827212522577,OneBillion:897.OC_Counting5and10_S6
1283,0.8632858574409016,OneBillion:9.OC_Sm2
1284,0.9135018050541517,OneBillion:902.OC_Mwyh1
1285,0.95,OneBillion:903.OC_Lg1
1286,0.9491022638563623,OneBillion:906.OC_Crdw
1287,0.91203007518797,OneBillion:908.OC_Pws1
1288,0.9223553719008265,OneBillion:91.OC_LetterTrace
1289,0.95,OneBillion:910.OC_Lg1
1290,0.8770434782608696,OneBillion:912.OC_Cwys1
1291,0.9165177967248613,OneBillion:913.OC_CountingPractice
1292,0.90625,OneBillion:917.OC_Mgp
1293,0.9385934819897085,OneBillion:918.OC_Mwyh1
1294,0.931958762886598,OneBillion:919.OC_Lg1
1295,0.9283582089552239,OneBillion:922.OC_Crdw
1296,0.8949494949494949,OneBillion:924.OC_Pws1
1297,0.9283422459893049,OneBillion:927.OC_CountingPractice
1298,0.8956814357823892,OneBillion:928.OC_MissingNumbers
1299,0.9109962451845712,OneBillion:93.OC_Mgp
1300,0.9081081081081082,OneBillion:931.OC_Mgp
1301,0.9373410404624278,OneBillion:932.OC_Mwyh1
1302,0.95,OneBillion:933.OC_Lg1
1303,0.95,OneBillion:936.OC_Crdw
1304,0.9006134969325154,OneBillion:938.OC_Pws1
1305,0.8989750268984654,OneBillion:94.OC_LetterTrace
1306,0.9290391841116479,OneBillion:941.OC_CountingPractice
1307,0.9091851851851852,OneBillion:942.OC_MissingNumbers
1308,0.95,OneBillion:943.OC_Lg3
1309,0.9310927974020404,OneBillion:946.OC_Lg1
1310,0.9234782608695653,OneBillion:948.OC_Mwyh1
1311,0.95,OneBillion:949.OC_Lg1
1312,0.9427402862985685,OneBillion:952.OC_Crdw
1313,0.931685393258427,OneBillion:957.OC_SentenceRead
1314,0.9229211148941082,OneBillion:958.OC_MissingNumbers
1315,0.9324971678265093,OneBillion:959.OC_Lg3
1316,0.9101787899119864,OneBillion:96.OC_Puzzle
1317,0.9042253521126761,OneBillion:961.OC_Pws1
1318,0.8899521531100479,OneBillion:962.OC_Mwyh1
1319,0.9113924050632912,OneBillion:963.OC_PhraseMake
1320,0.95,OneBillion:967.OC_TalkingHead
1321,0.9415242165242166,OneBillion:968.OC_Lg1
1322,0.95,OneBillion:969.OC_Lg1
1323,0.8707895123301289,OneBillion:970.OC_Patterns_S1
1324,0.8351171596096844,OneBillion:971.OC_Patterns_S2
1325,0.8921322690992018,OneBillion:973.OC_SentenceRead
1326,0.8813008130081301,OneBillion:976.OC_Pws1
1327,0.936986301369863,OneBillion:979.OC_Crdw
1328,0.9301088835926913,OneBillion:98.OC_Sm3a
1329,0.95,OneBillion:983.OC_TalkingHead
1330,0.95,OneBillion:985.OC_Lg1
1331,0.927445151218216,OneBillion:99.OC_Lg1
1332,0.9497237569060775,OneBillion:991.OC_Crdw
1333,0.9274977895667551,OneBillion:993.OC_Mwyh1
1334,0.9202500558160305,OneBillion:997.OC_TalkingHead
1335,0.9409836065573771,OneBillion:998.OC_Lg1
1336,0.95,OneBillion:999.OC_Lg1
1337,0.95,OneCourse:onetest.ls
1338,0.95,OneCourse:onetest.ni
1339,0.95,OneCourse:onetest.nw
1340,0.9359663558237339,OneCourse:onetest.pa
1341,0.95,OneCourse:onetest.pr
