content_int_id,threshold,content_id
0,0.95,_
1,0.95,Eidu:052a4fcf-c1ea-4ce5-8c86-31f37a90d72d/CardBox4
2,0.95,Eidu:052a4fcf-c1ea-4ce5-8c86-31f37a90d72d/Cargo1
3,0.95,Eidu:052a4fcf-c1ea-4ce5-8c86-31f37a90d72d/CargoExercise02
4,0.95,Eidu:052a4fcf-c1ea-4ce5-8c86-31f37a90d72d/CargoExercise03
5,0.95,Eidu:052a4fcf-c1ea-4ce5-8c86-31f37a90d72d/CargoExercise04
6,0.95,Eidu:052a4fcf-c1ea-4ce5-8c86-31f37a90d72d/CargoExercise05
7,0.95,Eidu:052a4fcf-c1ea-4ce5-8c86-31f37a90d72d/CargoExercise06
8,0.95,Eidu:052a4fcf-c1ea-4ce5-8c86-31f37a90d72d/Caterpillar1
9,0.95,Eidu:052a4fcf-c1ea-4ce5-8c86-31f37a90d72d/Caterpillar2
10,0.95,Eidu:052a4fcf-c1ea-4ce5-8c86-31f37a90d72d/Caterpillar3
11,0.95,Eidu:052a4fcf-c1ea-4ce5-8c86-31f37a90d72d/Caterpillar4
12,0.95,Eidu:052a4fcf-c1ea-4ce5-8c86-31f37a90d72d/CheckOff01
13,0.95,Eidu:052a4fcf-c1ea-4ce5-8c86-31f37a90d72d/CheckOff02
14,0.95,Eidu:052a4fcf-c1ea-4ce5-8c86-31f37a90d72d/Road01
15,0.95,Eidu:052a4fcf-c1ea-4ce5-8c86-31f37a90d72d/Road02
16,0.95,Eidu:052a4fcf-c1ea-4ce5-8c86-31f37a90d72d/Road03
17,0.95,Eidu:052a4fcf-c1ea-4ce5-8c86-31f37a90d72d/Road04
18,0.95,Eidu:052a4fcf-c1ea-4ce5-8c86-31f37a90d72d/Road05
19,0.95,Eidu:052a4fcf-c1ea-4ce5-8c86-31f37a90d72d/Spaceship01
20,0.95,Eidu:052a4fcf-c1ea-4ce5-8c86-31f37a90d72d/Spaceship02
21,0.95,Eidu:052a4fcf-c1ea-4ce5-8c86-31f37a90d72d/Spaceship03
22,0.95,Eidu:052a4fcf-c1ea-4ce5-8c86-31f37a90d72d/SuperCaterpillar01
23,0.95,Eidu:052a4fcf-c1ea-4ce5-8c86-31f37a90d72d/SuperCaterpillar02
24,0.95,Eidu:052a4fcf-c1ea-4ce5-8c86-31f37a90d72d/SuperCaterpillar03
25,0.95,Eidu:052a4fcf-c1ea-4ce5-8c86-31f37a90d72d/SuperCaterpillar04
26,0.95,Eidu:052a4fcf-c1ea-4ce5-8c86-31f37a90d72d/SuperCaterpillar05
27,0.95,Eidu:052a4fcf-c1ea-4ce5-8c86-31f37a90d72d/Truck02
28,0.95,Eidu:052a4fcf-c1ea-4ce5-8c86-31f37a90d72d/Truck1
29,0.95,Eidu:1038cb1d-d943-419b-9e74-879b9db9bb49/Scales1
30,0.95,Eidu:1038cb1d-d943-419b-9e74-879b9db9bb49/Scales2
31,0.95,Eidu:170f3e40-15e9-49e4-9956-91fceda6efe4/Categorization1
32,0.95,Eidu:1f2e40a0-842c-4ccf-b5ec-566b7a55cf43/Copy of SortingPool_block2a
33,0.95,Eidu:1f2e40a0-842c-4ccf-b5ec-566b7a55cf43/Copy of SortingPool_block2b
34,0.95,Eidu:1f2e40a0-842c-4ccf-b5ec-566b7a55cf43/Copy of SortingPool_block3a
35,0.95,Eidu:1f2e40a0-842c-4ccf-b5ec-566b7a55cf43/Copy of SortingPool_block3b
36,0.95,Eidu:1f2e40a0-842c-4ccf-b5ec-566b7a55cf43/Copy of SortingPool_block4a
37,0.95,Eidu:1f2e40a0-842c-4ccf-b5ec-566b7a55cf43/Copy of SortingPool_block4b
38,0.95,Eidu:1f2e40a0-842c-4ccf-b5ec-566b7a55cf43/Copy of SortingPool_block5a
39,0.95,Eidu:1f2e40a0-842c-4ccf-b5ec-566b7a55cf43/Copy of SortingPool_block5b
40,0.95,Eidu:1f2e40a0-842c-4ccf-b5ec-566b7a55cf43/Copy of SortingPool_block6a
41,0.95,Eidu:1f2e40a0-842c-4ccf-b5ec-566b7a55cf43/Copy of SortingPool_block6b
42,0.95,Eidu:1f2e40a0-842c-4ccf-b5ec-566b7a55cf43/Copy of SortingPool_block7a
43,0.95,Eidu:1f2e40a0-842c-4ccf-b5ec-566b7a55cf43/Copy of SortingPool_block7b
44,0.95,Eidu:1f2e40a0-842c-4ccf-b5ec-566b7a55cf43/sortingPool_block1
45,0.95,Eidu:229e294e-7d72-4fab-80e9-58e7822219eb/Balloon10
46,0.95,Eidu:229e294e-7d72-4fab-80e9-58e7822219eb/Balloon6
47,0.95,Eidu:229e294e-7d72-4fab-80e9-58e7822219eb/Balloon7
48,0.95,Eidu:229e294e-7d72-4fab-80e9-58e7822219eb/Balloon8
49,0.95,Eidu:229e294e-7d72-4fab-80e9-58e7822219eb/Balloon9
50,0.95,Eidu:26b0cdcb-c4c8-4902-b267-791610dff6b9/JumpyFlatHead06
51,0.95,Eidu:26b0cdcb-c4c8-4902-b267-791610dff6b9/JumpyFlatHead07
52,0.95,Eidu:26b0cdcb-c4c8-4902-b267-791610dff6b9/JumpyFlatHead08
53,0.95,Eidu:26b0cdcb-c4c8-4902-b267-791610dff6b9/JumpyFlatHead09
54,0.95,Eidu:26b0cdcb-c4c8-4902-b267-791610dff6b9/Monster12
55,0.95,Eidu:26b0cdcb-c4c8-4902-b267-791610dff6b9/Monster13
56,0.95,Eidu:26b0cdcb-c4c8-4902-b267-791610dff6b9/Monster14
57,0.95,Eidu:26b0cdcb-c4c8-4902-b267-791610dff6b9/MonsterFarm07
58,0.95,Eidu:26b0cdcb-c4c8-4902-b267-791610dff6b9/MonsterFarm08
59,0.95,Eidu:26b0cdcb-c4c8-4902-b267-791610dff6b9/MonsterFarm11
60,0.95,Eidu:26b0cdcb-c4c8-4902-b267-791610dff6b9/NumberOrdering01
61,0.95,Eidu:26b0cdcb-c4c8-4902-b267-791610dff6b9/NumberOrdering02
62,0.95,Eidu:26b0cdcb-c4c8-4902-b267-791610dff6b9/NumberOrdering03
63,0.95,Eidu:26b0cdcb-c4c8-4902-b267-791610dff6b9/Ordering4
64,0.95,Eidu:26b0cdcb-c4c8-4902-b267-791610dff6b9/Ordering5
65,0.95,Eidu:286952cf-df03-4046-bae9-dd12d734a4d9/A_CardsOrdering10x
66,0.95,Eidu:286952cf-df03-4046-bae9-dd12d734a4d9/A_CardsOrdering10xAlternate
67,0.95,Eidu:286952cf-df03-4046-bae9-dd12d734a4d9/A_CardsOrdering10xRandomReveal
68,0.95,Eidu:2b240766-1dd5-4074-86fa-8beb2007be54/ShapeExercise04
69,0.95,Eidu:2b240766-1dd5-4074-86fa-8beb2007be54/ShapeExercise05
70,0.95,Eidu:2b240766-1dd5-4074-86fa-8beb2007be54/ShapeExercise06
71,0.95,Eidu:2b240766-1dd5-4074-86fa-8beb2007be54/ShapeExercise07
72,0.95,Eidu:2b240766-1dd5-4074-86fa-8beb2007be54/ShapeExercise08
73,0.95,Eidu:2b240766-1dd5-4074-86fa-8beb2007be54/ShapeExercise09
74,0.95,Eidu:2b240766-1dd5-4074-86fa-8beb2007be54/ShapeExercise10
75,0.95,Eidu:2b240766-1dd5-4074-86fa-8beb2007be54/ShapeExercise11
76,0.95,Eidu:2b240766-1dd5-4074-86fa-8beb2007be54/ShapeExercise12
77,0.95,Eidu:2b240766-1dd5-4074-86fa-8beb2007be54/ShapeExercise13
78,0.95,Eidu:2b240766-1dd5-4074-86fa-8beb2007be54/ShapeExercise14
79,0.95,Eidu:2c8b5086-a464-4585-b9f7-d73a90bfc41a/JumpyFlatHead11
80,0.95,Eidu:2c8b5086-a464-4585-b9f7-d73a90bfc41a/JumpyFlatHead12
81,0.95,Eidu:2c8b5086-a464-4585-b9f7-d73a90bfc41a/JumpyFlatHead14
82,0.95,Eidu:2c8b5086-a464-4585-b9f7-d73a90bfc41a/JumpyFlatHead15
83,0.95,Eidu:32284172-3f09-4a6f-843a-3e86a288b2c7/NumberOrdering07
84,0.95,Eidu:32284172-3f09-4a6f-843a-3e86a288b2c7/NumberOrdering08
85,0.95,Eidu:32284172-3f09-4a6f-843a-3e86a288b2c7/NumberOrdering09
86,0.95,Eidu:36b04c45-9248-449c-87e4-04d14c6137a8/A_RoadExtraBlock
87,0.95,Eidu:36b04c45-9248-449c-87e4-04d14c6137a8/A_RoadSubtractFrom10_Review
88,0.95,Eidu:36b04c45-9248-449c-87e4-04d14c6137a8/A_RoadSubtractFromN_Review
89,0.95,Eidu:380b3eb1-0663-45ee-a55c-f1d7cdd64db2/Spaceship06
90,0.95,Eidu:38b35625-a5af-4297-b288-7ebbc4051b16/Articulation_SoundsOfLetters_block1
91,0.95,Eidu:38b35625-a5af-4297-b288-7ebbc4051b16/Articulation_SoundsOfLetters_block2_WU1
92,0.95,Eidu:38b35625-a5af-4297-b288-7ebbc4051b16/Articulation_SoundsOfLetters_block2_WU2
93,0.95,Eidu:38b35625-a5af-4297-b288-7ebbc4051b16/Articulation_SoundsOfLetters_block3_WU1
94,0.95,Eidu:38b35625-a5af-4297-b288-7ebbc4051b16/Articulation_SoundsOfLetters_block3_WU2
95,0.95,Eidu:38b35625-a5af-4297-b288-7ebbc4051b16/Articulation_SoundsOfLetters_block4_WU1
96,0.95,Eidu:38b35625-a5af-4297-b288-7ebbc4051b16/Articulation_SoundsOfLetters_block4_WU2
97,0.95,Eidu:38b35625-a5af-4297-b288-7ebbc4051b16/Articulation_SoundsOfLetters_block4_WU3
98,0.95,Eidu:38b35625-a5af-4297-b288-7ebbc4051b16/Articulation_SoundsOfLetters_block5_WU1
99,0.95,Eidu:38b35625-a5af-4297-b288-7ebbc4051b16/Articulation_SoundsOfLetters_block5_WU2
100,0.95,Eidu:38b35625-a5af-4297-b288-7ebbc4051b16/Articulation_SoundsOfLetters_block5_WU3
101,0.95,Eidu:38b35625-a5af-4297-b288-7ebbc4051b16/Articulation_SoundsOfLetters_block6_WU1
102,0.95,Eidu:38b35625-a5af-4297-b288-7ebbc4051b16/Articulation_SoundsOfLetters_block6_WU2
103,0.95,Eidu:38b35625-a5af-4297-b288-7ebbc4051b16/Articulation_SoundsOfLetters_block6_WU3
104,0.95,Eidu:38b35625-a5af-4297-b288-7ebbc4051b16/Articulation_SoundsOfLetters_block7_WU1
105,0.95,Eidu:38b35625-a5af-4297-b288-7ebbc4051b16/Articulation_SoundsOfLetters_block7_WU2
106,0.95,Eidu:38b35625-a5af-4297-b288-7ebbc4051b16/Articulation_SoundsOfLetters_block7_WU3
107,0.95,Eidu:397a23d4-6d42-4bb5-8f57-f18983e6bcb2/AlphabetSong01
108,0.95,Eidu:397a23d4-6d42-4bb5-8f57-f18983e6bcb2/AlphabetSong02
109,0.95,Eidu:397a23d4-6d42-4bb5-8f57-f18983e6bcb2/AlphabetSong03
110,0.95,Eidu:397a23d4-6d42-4bb5-8f57-f18983e6bcb2/AlphabetSong04
111,0.95,Eidu:397a23d4-6d42-4bb5-8f57-f18983e6bcb2/AlphabetSong05
112,0.95,Eidu:397a23d4-6d42-4bb5-8f57-f18983e6bcb2/RoteAlphabet01
113,0.95,Eidu:397a23d4-6d42-4bb5-8f57-f18983e6bcb2/RoteAlphabet02
114,0.95,Eidu:397a23d4-6d42-4bb5-8f57-f18983e6bcb2/RoteAlphabet03
115,0.95,Eidu:397a23d4-6d42-4bb5-8f57-f18983e6bcb2/RoteAlphabet04
116,0.95,Eidu:397a23d4-6d42-4bb5-8f57-f18983e6bcb2/RoteAlphabet05
117,0.95,Eidu:397a23d4-6d42-4bb5-8f57-f18983e6bcb2/RoteAlphabet06
118,0.95,Eidu:397a23d4-6d42-4bb5-8f57-f18983e6bcb2/RoteAlphabet07
119,0.95,Eidu:397a23d4-6d42-4bb5-8f57-f18983e6bcb2/RoteAlphabet08
120,0.95,Eidu:40252ea3-083b-4671-ba6a-a7c7484e0e8b/Patterns01
121,0.95,Eidu:40252ea3-083b-4671-ba6a-a7c7484e0e8b/Patterns02
122,0.95,Eidu:42e0fe15-b255-4668-b9c9-47279486b571/Road17
123,0.95,Eidu:46286292-343f-4b05-950c-7fb73a314d7e/Copy of letterPuzzle_block2b
124,0.95,Eidu:46286292-343f-4b05-950c-7fb73a314d7e/Copy of letterPuzzle_block3a
125,0.95,Eidu:46286292-343f-4b05-950c-7fb73a314d7e/Copy of letterPuzzle_block3b
126,0.95,Eidu:46286292-343f-4b05-950c-7fb73a314d7e/Copy of letterPuzzle_block3c
127,0.95,Eidu:46286292-343f-4b05-950c-7fb73a314d7e/Copy of letterPuzzle_block4b
128,0.95,Eidu:46286292-343f-4b05-950c-7fb73a314d7e/Copy of letterPuzzle_block5a
129,0.95,Eidu:46286292-343f-4b05-950c-7fb73a314d7e/Copy of letterPuzzle_block5b
130,0.95,Eidu:46286292-343f-4b05-950c-7fb73a314d7e/Copy of letterPuzzle_block5c
131,0.95,Eidu:46286292-343f-4b05-950c-7fb73a314d7e/Copy of letterPuzzle_block7a
132,0.95,Eidu:46286292-343f-4b05-950c-7fb73a314d7e/Copy of letterPuzzle_block7b
133,0.95,Eidu:46286292-343f-4b05-950c-7fb73a314d7e/Copy of letterPuzzle_block7c
134,0.95,Eidu:46286292-343f-4b05-950c-7fb73a314d7e/letterPuzzle_block1a
135,0.95,Eidu:46286292-343f-4b05-950c-7fb73a314d7e/letterPuzzle_block1b
136,0.95,Eidu:51ec0f5e-78a2-4909-b65c-4e9aae441db5/Time11
137,0.95,Eidu:51ec0f5e-78a2-4909-b65c-4e9aae441db5/Time12
138,0.95,Eidu:51ec0f5e-78a2-4909-b65c-4e9aae441db5/Time13
139,0.95,Eidu:51ec0f5e-78a2-4909-b65c-4e9aae441db5/Time14
140,0.95,Eidu:51ec0f5e-78a2-4909-b65c-4e9aae441db5/Time15
141,0.95,Eidu:51ec0f5e-78a2-4909-b65c-4e9aae441db5/Time16
142,0.95,Eidu:51ec0f5e-78a2-4909-b65c-4e9aae441db5/Time17
143,0.95,Eidu:51ec0f5e-78a2-4909-b65c-4e9aae441db5/Time18
144,0.95,Eidu:51ec0f5e-78a2-4909-b65c-4e9aae441db5/Time19
145,0.95,Eidu:51ec0f5e-78a2-4909-b65c-4e9aae441db5/Time20
146,0.95,Eidu:51ec0f5e-78a2-4909-b65c-4e9aae441db5/Time21
147,0.95,Eidu:541d81b9-017d-43fd-9f79-d2e0b3bc376b/C_CargoDoubleAndTripleAddition01
148,0.95,Eidu:541d81b9-017d-43fd-9f79-d2e0b3bc376b/C_CargoDoubleAndTripleAddition02
149,0.95,Eidu:541d81b9-017d-43fd-9f79-d2e0b3bc376b/C_CargoDoubleAndTripleAddition03
150,0.95,Eidu:541d81b9-017d-43fd-9f79-d2e0b3bc376b/C_CargoDoubleAndTripleAdditionBreakingFive
151,0.95,Eidu:541d81b9-017d-43fd-9f79-d2e0b3bc376b/C_CargoDoubleAndTripleAdditionTo5
152,0.95,Eidu:541d81b9-017d-43fd-9f79-d2e0b3bc376b/C_CargoTwoFloorsOfTripleAddition01
153,0.95,Eidu:541d81b9-017d-43fd-9f79-d2e0b3bc376b/C_CargoTwoFloorsOfTripleAddition02
154,0.95,Eidu:590d39a4-53c1-4a1e-8b4c-37a897947a2b/BarSorting1
155,0.95,Eidu:590d39a4-53c1-4a1e-8b4c-37a897947a2b/JumpyFlatHead01
156,0.95,Eidu:590d39a4-53c1-4a1e-8b4c-37a897947a2b/JumpyFlatHead02
157,0.95,Eidu:590d39a4-53c1-4a1e-8b4c-37a897947a2b/JumpyFlatHead03
158,0.95,Eidu:590d39a4-53c1-4a1e-8b4c-37a897947a2b/JumpyFlatHead04
159,0.95,Eidu:5e82f159-7511-4b44-8961-f5070245bd2b/Currency02
160,0.95,Eidu:5e82f159-7511-4b44-8961-f5070245bd2b/Currency04
161,0.95,Eidu:66c491ec-bd5b-498e-949f-115965c4298c/FishFood01
162,0.95,Eidu:66c491ec-bd5b-498e-949f-115965c4298c/FishFood02
163,0.95,Eidu:66c491ec-bd5b-498e-949f-115965c4298c/FishFood03
164,0.95,Eidu:66e65fe4-4a16-48f8-9935-18c579e58c9b/CountingTest01
165,0.95,Eidu:66e65fe4-4a16-48f8-9935-18c579e58c9b/CountingTest2
166,0.95,Eidu:66e65fe4-4a16-48f8-9935-18c579e58c9b/CountingTest3
167,0.95,Eidu:66e65fe4-4a16-48f8-9935-18c579e58c9b/Monster1
168,0.95,Eidu:66e65fe4-4a16-48f8-9935-18c579e58c9b/Monster2
169,0.95,Eidu:66e65fe4-4a16-48f8-9935-18c579e58c9b/MonsterFarm03
170,0.95,Eidu:66e65fe4-4a16-48f8-9935-18c579e58c9b/MonsterFarm04
171,0.95,Eidu:66e65fe4-4a16-48f8-9935-18c579e58c9b/MonsterFarm05
172,0.95,Eidu:66e65fe4-4a16-48f8-9935-18c579e58c9b/MonsterFarm06
173,0.95,Eidu:66e65fe4-4a16-48f8-9935-18c579e58c9b/NumberLine01
174,0.95,Eidu:66e65fe4-4a16-48f8-9935-18c579e58c9b/NumberLine02
175,0.95,Eidu:66e65fe4-4a16-48f8-9935-18c579e58c9b/NumberLine03
176,0.95,Eidu:66e65fe4-4a16-48f8-9935-18c579e58c9b/NumberLine04
177,0.95,Eidu:66e65fe4-4a16-48f8-9935-18c579e58c9b/NumberLine05
178,0.95,Eidu:66e65fe4-4a16-48f8-9935-18c579e58c9b/NumberLine06
179,0.95,Eidu:66e65fe4-4a16-48f8-9935-18c579e58c9b/NumberLine07
180,0.95,Eidu:66e65fe4-4a16-48f8-9935-18c579e58c9b/NumberLine08
181,0.95,Eidu:756c231a-663d-47e2-94e5-fde96b15e989/Teatime06
182,0.95,Eidu:756c231a-663d-47e2-94e5-fde96b15e989/Teatime07
183,0.95,Eidu:756c231a-663d-47e2-94e5-fde96b15e989/Teatime08
184,0.95,Eidu:756c231a-663d-47e2-94e5-fde96b15e989/Teatime09
185,0.95,Eidu:756c231a-663d-47e2-94e5-fde96b15e989/Teatime10
186,0.95,Eidu:756c231a-663d-47e2-94e5-fde96b15e989/Teatime11
187,0.95,Eidu:7684fb1e-6819-499d-8984-0395a787c316/numberpuzzle01
188,0.95,Eidu:7684fb1e-6819-499d-8984-0395a787c316/numberpuzzle02
189,0.95,Eidu:7684fb1e-6819-499d-8984-0395a787c316/numberpuzzle03
190,0.95,Eidu:7684fb1e-6819-499d-8984-0395a787c316/numberpuzzle04
191,0.95,Eidu:7684fb1e-6819-499d-8984-0395a787c316/numberpuzzle05
192,0.95,Eidu:7684fb1e-6819-499d-8984-0395a787c316/numberpuzzle06
193,0.95,Eidu:7684fb1e-6819-499d-8984-0395a787c316/numberpuzzle07
194,0.95,Eidu:7684fb1e-6819-499d-8984-0395a787c316/numberpuzzle08
195,0.95,Eidu:7684fb1e-6819-499d-8984-0395a787c316/numberpuzzle09
196,0.95,Eidu:7a855e23-7e96-4c04-8ae0-23539d8281d1/D_RoadSplitDigitTo20_01
197,0.95,Eidu:7a855e23-7e96-4c04-8ae0-23539d8281d1/D_Subtract1Dfrom2Dto20_MixedIntro
198,0.95,Eidu:7a855e23-7e96-4c04-8ae0-23539d8281d1/D_Subtract1dFrom2dto20_01
199,0.95,Eidu:7a855e23-7e96-4c04-8ae0-23539d8281d1/E_Subtract1dFrom2dto20_02
200,0.95,Eidu:7a855e23-7e96-4c04-8ae0-23539d8281d1/E_Subtract1dFrom2dto20_03
201,0.95,Eidu:7a855e23-7e96-4c04-8ae0-23539d8281d1/Road14
202,0.95,Eidu:7a855e23-7e96-4c04-8ae0-23539d8281d1/Road15
203,0.95,Eidu:7cf06225-7bc3-49e1-853a-666e3e018138/Patterns05
204,0.95,Eidu:82b869ce-12a9-40c5-b9aa-843e6c9f52fe/Drawing1
205,0.95,Eidu:82b869ce-12a9-40c5-b9aa-843e6c9f52fe/Drawing2
206,0.95,Eidu:82b869ce-12a9-40c5-b9aa-843e6c9f52fe/Drawing3
207,0.95,Eidu:85cf9908-3f2d-46d4-8ed9-3f9f4c631619/NumberLine17
208,0.95,Eidu:8a1a93ba-482a-4bc2-8872-2a449bf34290/Teatime01
209,0.95,Eidu:8a1a93ba-482a-4bc2-8872-2a449bf34290/Teatime02
210,0.95,Eidu:8a1a93ba-482a-4bc2-8872-2a449bf34290/Teatime03
211,0.95,Eidu:8a1a93ba-482a-4bc2-8872-2a449bf34290/Teatime04
212,0.95,Eidu:8a1a93ba-482a-4bc2-8872-2a449bf34290/Teatime05
213,0.95,Eidu:8c52b90d-b947-47a8-b29c-eb36e8d5a748/RoteCounting01 - 1 to 3
214,0.95,Eidu:8c52b90d-b947-47a8-b29c-eb36e8d5a748/RoteCounting02 - 1 to 3
215,0.95,Eidu:8c52b90d-b947-47a8-b29c-eb36e8d5a748/RoteCounting03 - 1 to 3
216,0.95,Eidu:8c52b90d-b947-47a8-b29c-eb36e8d5a748/RoteCounting04 - 1 to 3
217,0.95,Eidu:8c52b90d-b947-47a8-b29c-eb36e8d5a748/RoteCounting05 - 1 to 3
218,0.95,Eidu:8c52b90d-b947-47a8-b29c-eb36e8d5a748/RoteCounting06 - 4 to 6
219,0.95,Eidu:8c52b90d-b947-47a8-b29c-eb36e8d5a748/RoteCounting07 - 4 to 6
220,0.95,Eidu:8c52b90d-b947-47a8-b29c-eb36e8d5a748/RoteCounting08 - 4 to 6
221,0.95,Eidu:8c52b90d-b947-47a8-b29c-eb36e8d5a748/RoteCounting09 - 4 to 6
222,0.95,Eidu:8c52b90d-b947-47a8-b29c-eb36e8d5a748/RoteCounting10 - 1 to 6
223,0.95,Eidu:8c52b90d-b947-47a8-b29c-eb36e8d5a748/RoteCounting11 - 1 to 6
224,0.95,Eidu:8c52b90d-b947-47a8-b29c-eb36e8d5a748/RoteCounting12 - 7 to 10
225,0.95,Eidu:8c52b90d-b947-47a8-b29c-eb36e8d5a748/RoteCounting13 - 7 to 10
226,0.95,Eidu:8c52b90d-b947-47a8-b29c-eb36e8d5a748/RoteCounting14 - 7 to 10
227,0.95,Eidu:8c52b90d-b947-47a8-b29c-eb36e8d5a748/RoteCounting15 - 7 to 10
228,0.95,Eidu:8c52b90d-b947-47a8-b29c-eb36e8d5a748/RoteCounting16 - 1 to 10
229,0.95,Eidu:8c52b90d-b947-47a8-b29c-eb36e8d5a748/RoteCounting17 - 1 to 10
230,0.95,Eidu:8c52b90d-b947-47a8-b29c-eb36e8d5a748/RoteCounting18 - 1 to 10
231,0.95,Eidu:9abdb713-fe8b-468c-9f31-cdeca6dabf4d/ArithmeticTest08
232,0.95,Eidu:9abdb713-fe8b-468c-9f31-cdeca6dabf4d/ArithmeticTest09
233,0.95,Eidu:9abdb713-fe8b-468c-9f31-cdeca6dabf4d/ArithmeticTest10
234,0.95,Eidu:b0851fe3-643a-4845-ac43-37b1a73cddf3/Time01
235,0.95,Eidu:b0851fe3-643a-4845-ac43-37b1a73cddf3/Time02
236,0.95,Eidu:b0851fe3-643a-4845-ac43-37b1a73cddf3/Time03
237,0.95,Eidu:b0851fe3-643a-4845-ac43-37b1a73cddf3/Time04
238,0.95,Eidu:b0851fe3-643a-4845-ac43-37b1a73cddf3/Time05
239,0.95,Eidu:b0851fe3-643a-4845-ac43-37b1a73cddf3/Time06
240,0.95,Eidu:b0851fe3-643a-4845-ac43-37b1a73cddf3/Time07
241,0.95,Eidu:b0851fe3-643a-4845-ac43-37b1a73cddf3/Time08
242,0.95,Eidu:b0851fe3-643a-4845-ac43-37b1a73cddf3/Time09
243,0.95,Eidu:b5d22e1d-3525-4277-be12-49acf0736da8/ArithmeticTest02
244,0.95,Eidu:b5d22e1d-3525-4277-be12-49acf0736da8/ArithmeticTest03
245,0.95,Eidu:b5d22e1d-3525-4277-be12-49acf0736da8/ArithmeticTest05
246,0.95,Eidu:b5d22e1d-3525-4277-be12-49acf0736da8/ArithmeticTest06
247,0.95,Eidu:b5d22e1d-3525-4277-be12-49acf0736da8/NumberLine20
248,0.95,Eidu:b5d22e1d-3525-4277-be12-49acf0736da8/NumberLine21
249,0.95,Eidu:b5d22e1d-3525-4277-be12-49acf0736da8/NumberLine22
250,0.95,Eidu:b5d22e1d-3525-4277-be12-49acf0736da8/NumberLine23
251,0.95,Eidu:b5d22e1d-3525-4277-be12-49acf0736da8/NumberLine24
252,0.95,Eidu:b5d22e1d-3525-4277-be12-49acf0736da8/Road07
253,0.95,Eidu:b5d22e1d-3525-4277-be12-49acf0736da8/Road09
254,0.95,Eidu:b5d22e1d-3525-4277-be12-49acf0736da8/Road10
255,0.95,Eidu:b5d22e1d-3525-4277-be12-49acf0736da8/Road11
256,0.95,Eidu:b5d22e1d-3525-4277-be12-49acf0736da8/Road12
257,0.95,Eidu:b5d22e1d-3525-4277-be12-49acf0736da8/Road13
258,0.95,Eidu:bff7fbbd-867e-4a11-a8b9-b37e1d00d257/BarSorting2
259,0.95,Eidu:bff7fbbd-867e-4a11-a8b9-b37e1d00d257/BarSorting3
260,0.95,Eidu:c2c56000-1201-4c32-8cf8-a076f717de22/ArithmeticTest01
261,0.95,Eidu:c2c56000-1201-4c32-8cf8-a076f717de22/ArithmeticTest04
262,0.95,Eidu:c2c56000-1201-4c32-8cf8-a076f717de22/ArithmeticTest07
263,0.95,Eidu:c2c56000-1201-4c32-8cf8-a076f717de22/CargoExercise07
264,0.95,Eidu:c2c56000-1201-4c32-8cf8-a076f717de22/CargoExercise08
265,0.95,Eidu:c2c56000-1201-4c32-8cf8-a076f717de22/CargoExercise09
266,0.95,Eidu:c2c56000-1201-4c32-8cf8-a076f717de22/CargoExercise11
267,0.95,Eidu:c2c56000-1201-4c32-8cf8-a076f717de22/CargoExercise12
268,0.95,Eidu:c2c56000-1201-4c32-8cf8-a076f717de22/CargoExercise13
269,0.95,Eidu:c2c56000-1201-4c32-8cf8-a076f717de22/CargoExercise14
270,0.95,Eidu:c2c56000-1201-4c32-8cf8-a076f717de22/CargoExercise15
271,0.95,Eidu:c2c56000-1201-4c32-8cf8-a076f717de22/CargoExercise16
272,0.95,Eidu:c2c56000-1201-4c32-8cf8-a076f717de22/CargoExercise17
273,0.95,Eidu:c2c56000-1201-4c32-8cf8-a076f717de22/CargoExercise18
274,0.95,Eidu:c2c56000-1201-4c32-8cf8-a076f717de22/CargoExercise20
275,0.95,Eidu:c2c56000-1201-4c32-8cf8-a076f717de22/CargoExercise21
276,0.95,Eidu:c2c56000-1201-4c32-8cf8-a076f717de22/CargoExercise22
277,0.95,Eidu:c2c56000-1201-4c32-8cf8-a076f717de22/CargoExercise23
278,0.95,Eidu:c2c56000-1201-4c32-8cf8-a076f717de22/NumberLine09
279,0.95,Eidu:c2c56000-1201-4c32-8cf8-a076f717de22/NumberLine10
280,0.95,Eidu:c2c56000-1201-4c32-8cf8-a076f717de22/NumberLine11
281,0.95,Eidu:c2c56000-1201-4c32-8cf8-a076f717de22/NumberLine12
282,0.95,Eidu:c2c56000-1201-4c32-8cf8-a076f717de22/NumberLine13
283,0.95,Eidu:c2c56000-1201-4c32-8cf8-a076f717de22/NumberLine14
284,0.95,Eidu:c2c56000-1201-4c32-8cf8-a076f717de22/NumberLine15
285,0.95,Eidu:c2c56000-1201-4c32-8cf8-a076f717de22/NumberLine16
286,0.95,Eidu:c2c56000-1201-4c32-8cf8-a076f717de22/NumberLine18
287,0.95,Eidu:c2c56000-1201-4c32-8cf8-a076f717de22/NumberLine19
288,0.95,Eidu:c2c56000-1201-4c32-8cf8-a076f717de22/TeaTime 16
289,0.95,Eidu:c2c56000-1201-4c32-8cf8-a076f717de22/TeaTime 18
290,0.95,Eidu:c2c56000-1201-4c32-8cf8-a076f717de22/TeaTime 20
291,0.95,Eidu:c2c56000-1201-4c32-8cf8-a076f717de22/TeaTime 22
292,0.95,Eidu:c2c56000-1201-4c32-8cf8-a076f717de22/Truck05
293,0.95,Eidu:c2c56000-1201-4c32-8cf8-a076f717de22/Truck06
294,0.95,Eidu:c2c56000-1201-4c32-8cf8-a076f717de22/Truck07
295,0.95,Eidu:c3d81c38-8adb-4719-9df7-0e0ede154791/Balloon1
296,0.95,Eidu:c3d81c38-8adb-4719-9df7-0e0ede154791/Balloon2
297,0.95,Eidu:c3d81c38-8adb-4719-9df7-0e0ede154791/Balloon3
298,0.95,Eidu:c3d81c38-8adb-4719-9df7-0e0ede154791/Balloon4
299,0.95,Eidu:c3d81c38-8adb-4719-9df7-0e0ede154791/Balloon5
300,0.95,Eidu:c74a41ac-08ad-4b5e-b155-5fbfc44c5338/CardBox1
301,0.95,Eidu:c74a41ac-08ad-4b5e-b155-5fbfc44c5338/CardBox2
302,0.95,Eidu:c74a41ac-08ad-4b5e-b155-5fbfc44c5338/CardBox3
303,0.95,Eidu:d013a625-6097-483a-bbec-deb5fd9e2c53/Categorization2
304,0.95,Eidu:d013a625-6097-483a-bbec-deb5fd9e2c53/Categorization3
305,0.95,Eidu:d013a625-6097-483a-bbec-deb5fd9e2c53/Categorization4
306,0.95,Eidu:d0b8b424-66e9-4985-9f3e-6dd5df1f190f/CargoExercise26
307,0.95,Eidu:d0b8b424-66e9-4985-9f3e-6dd5df1f190f/CargoExercise27
308,0.95,Eidu:d92fd890-3529-407f-9a32-d6d6c8a963e6/Scales3
309,0.95,Eidu:d92fd890-3529-407f-9a32-d6d6c8a963e6/Scales4
310,0.95,Eidu:dba60b3e-db73-462e-b026-a90e82e6d144/ArithmeticTest11
311,0.95,Eidu:dd32e739-e46f-485f-a53f-981c26739f57/Currency01
312,0.95,Eidu:dd32e739-e46f-485f-a53f-981c26739f57/Currency03
313,0.95,Eidu:dd32e739-e46f-485f-a53f-981c26739f57/Currency05
314,0.95,Eidu:dd32e739-e46f-485f-a53f-981c26739f57/Currency06
315,0.95,Eidu:dd32e739-e46f-485f-a53f-981c26739f57/Currency07
316,0.95,Eidu:e0b72484-0528-45af-934f-affa825ef366/Discrimination_ChallengeCase(bdp)
317,0.95,Eidu:e0b72484-0528-45af-934f-affa825ef366/Discrimination_ChallengeCase(ijk)
318,0.95,Eidu:e0b72484-0528-45af-934f-affa825ef366/Discrimination_ChallengeCase(khr)
319,0.95,Eidu:e0b72484-0528-45af-934f-affa825ef366/Discrimination_ChallengeCase(oqp)
320,0.95,Eidu:e0b72484-0528-45af-934f-affa825ef366/Discrimination_ChallengeCase(uvw)
321,0.95,Eidu:e0b72484-0528-45af-934f-affa825ef366/Discrimination_DifferentCase(abc)
322,0.95,Eidu:e0b72484-0528-45af-934f-affa825ef366/Discrimination_DifferentCase(def)
323,0.95,Eidu:e0b72484-0528-45af-934f-affa825ef366/Discrimination_DifferentCase(ghi)
324,0.95,Eidu:e0b72484-0528-45af-934f-affa825ef366/Discrimination_DifferentCase(jkl)
325,0.95,Eidu:e0b72484-0528-45af-934f-affa825ef366/Discrimination_DifferentCase(mno)
326,0.95,Eidu:e0b72484-0528-45af-934f-affa825ef366/Discrimination_DifferentCase(pqr)
327,0.95,Eidu:e0b72484-0528-45af-934f-affa825ef366/Discrimination_DifferentCase(stu)
328,0.95,Eidu:e0b72484-0528-45af-934f-affa825ef366/Discrimination_DifferentCase(vwx)
329,0.95,Eidu:e0b72484-0528-45af-934f-affa825ef366/Discrimination_DifferentCase(yz)
330,0.95,Eidu:e89f66f8-2263-4d7c-a9ec-a347407e9641/B_JumpByTwoTo10
331,0.95,Eidu:e89f66f8-2263-4d7c-a9ec-a347407e9641/B_JumpByTwoTo100_01
332,0.95,Eidu:e89f66f8-2263-4d7c-a9ec-a347407e9641/B_JumpByTwoTo100_02
333,0.95,Eidu:e89f66f8-2263-4d7c-a9ec-a347407e9641/B_JumpByTwoTo20
334,0.95,Eidu:e89f66f8-2263-4d7c-a9ec-a347407e9641/B_JumpByTwoTo20B
335,0.95,Eidu:e89f66f8-2263-4d7c-a9ec-a347407e9641/C_JumpBy5_01
336,0.95,Eidu:e89f66f8-2263-4d7c-a9ec-a347407e9641/C_JumpBy5_02
337,0.95,Eidu:e89f66f8-2263-4d7c-a9ec-a347407e9641/D_JumpBy10_shifted01
338,0.95,Eidu:e89f66f8-2263-4d7c-a9ec-a347407e9641/D_JumpBy10_shifted02
339,0.95,Eidu:ec9645f7-1103-4fdd-9b82-407c0a3d98a0/CargoExercise24
340,0.95,Eidu:ec9645f7-1103-4fdd-9b82-407c0a3d98a0/CargoExercise25
341,0.95,Eidu:ec9645f7-1103-4fdd-9b82-407c0a3d98a0/D_CargoAdditionWithoutRegrouping01
342,0.95,InAppContent:EasyAddition
343,0.95,InAppContent:EasySubtraction
344,0.95,InAppContent:KeyboardPractice
345,0.95,InAppContent:MelqoTestUnit7
346,0.95,InAppContent:MissingNumber
347,0.95,InAppContent:MissingNumberPractice
348,0.95,InAppContent:NumberDiscrimination
349,0.95,InAppContent:NumberDiscriminationPractice
350,0.95,InAppContent:NumberIdentification
351,0.95,InAppContent:ShortenedEgraTestUnit1
352,0.95,InAppContent:ShortenedEgraTestUnit4
353,0.95,InAppContent:ShortenedUsaidEgraTestUnit8
354,0.95,OneBillion:10.OC_Th2
355,0.95,OneBillion:100.OC_TalkingHead
356,0.95,OneBillion:1001.OC_Patterns_S6
357,0.95,OneBillion:1003.OC_SentenceRead
358,0.95,OneBillion:1006.OC_Pws1
359,0.95,OneBillion:1007.OC_Mwyh1
360,0.95,OneBillion:1009.OC_Crdw
361,0.95,OneBillion:101.OC_ReadingReadToMeNTx.xr-millipedesboots
362,0.95,OneBillion:1013.OC_TalkingHead
363,0.95,OneBillion:1017.OC_Shapes_S1
364,0.95,OneBillion:102.OC_ReadingReadToMeNTx.xr-millipedesboots
365,0.95,OneBillion:1021.OC_Pws1
366,0.95,OneBillion:1022.OC_Mwyh1
367,0.95,OneBillion:1026.OC_TalkingHead
368,0.95,OneBillion:1027.OC_Lg1
369,0.95,OneBillion:1028.OC_Lg1
370,0.95,OneBillion:1029.OC_Shapes_S2
371,0.95,OneBillion:103.OC_Patterns_S1
372,0.95,OneBillion:1030.OC_Shapes_S3
373,0.95,OneBillion:1031.OC_Shapes_S4
374,0.95,OneBillion:1033.OC_SentenceRead
375,0.95,OneBillion:1039.OC_Crdw
376,0.95,OneBillion:104.OC_Patterns_S2
377,0.95,OneBillion:1041.OC_ReadingReadToMeNTx.xr-penguinshome
378,0.95,OneBillion:1043.OC_TalkingHead
379,0.95,OneBillion:1045.OC_Lg1
380,0.95,OneBillion:1047.OC_MoreAddSubtract_S1
381,0.95,OneBillion:105.OC_Patterns_S3
382,0.95,OneBillion:1052.OC_Pws1
383,0.95,OneBillion:1053.OC_Mwyh1
384,0.95,OneBillion:1056.OC_Crdw
385,0.95,OneBillion:1058.OC_Lg1
386,0.95,OneBillion:1059.OC_Lg1
387,0.95,OneBillion:106.OC_Th2
388,0.95,OneBillion:1060.OC_MoreAddSubtract_S2a
389,0.95,OneBillion:1063.OC_SentenceRead
390,0.95,OneBillion:1066.OC_Pws1
391,0.95,OneBillion:1067.OC_Mwyh1
392,0.95,OneBillion:1069.OC_Crdw
393,0.95,OneBillion:107.OC_Th2
394,0.95,OneBillion:1071.OC_ReadingReadToMeNTx.xr-howantsaveddove
395,0.95,OneBillion:1073.OC_TalkingHead
396,0.95,OneBillion:108.OC_LetterTrace
397,0.95,OneBillion:11.OC_ReadingReadToMeNTx.xr-redball
398,0.95,OneBillion:110.OC_Mgp
399,0.95,OneBillion:111.OC_LetterTrace
400,0.95,OneBillion:113.OC_Puzzle
401,0.95,OneBillion:115.OC_Sm3a
402,0.95,OneBillion:116.OC_Lg1
403,0.95,OneBillion:117.OC_ReadingReadToMeNTx.xr-allthethings
404,0.95,OneBillion:118.OC_ReadingReadToMeNTx.xr-allthethings
405,0.95,OneBillion:12.OC_ReadingReadToMeNTx.xr-redball
406,0.95,OneBillion:122.OC_Th2
407,0.95,OneBillion:123.OC_Th2
408,0.95,OneBillion:127.OC_Puzzle
409,0.95,OneBillion:129.OC_Sm3a
410,0.95,OneBillion:13.OC_Sorting_S1
411,0.95,OneBillion:130.OC_Lg1
412,0.95,OneBillion:131.OC_TalkingHead
413,0.95,OneBillion:132.OC_ReadingReadToMeNTx.xr-myhome
414,0.95,OneBillion:133.OC_ReadingReadToMeNTx.xr-myhome
415,0.95,OneBillion:135.OC_Patterns_S7
416,0.95,OneBillion:137.OC_Mwyh1
417,0.95,OneBillion:14.OC_Sorting_S2
418,0.95,OneBillion:142.OC_Mwyh1
419,0.95,OneBillion:147.OC_ReadingReadToMeNTx.xr-thelostcows
420,0.95,OneBillion:148.OC_ReadingReadToMeNTx.xr-thelostcows
421,0.95,OneBillion:149.OC_Counting4To6_S1
422,0.95,OneBillion:15.OC_Sorting_S3
423,0.95,OneBillion:150.OC_Counting4To6_S2
424,0.95,OneBillion:151.OC_Th2
425,0.95,OneBillion:152.OC_Sm2
426,0.95,OneBillion:154.OC_Mwyh1
427,0.95,OneBillion:155.OC_Crdp
428,0.95,OneBillion:159.OC_Crdw
429,0.95,OneBillion:161.OC_ReadingReadToMeNTx.xr-football
430,0.95,OneBillion:162.OC_ReadingReadToMeNTx.xr-football
431,0.95,OneBillion:164.OC_Counting4To6_S3
432,0.95,OneBillion:165.OC_Counting4To6_S4
433,0.95,OneBillion:166.OC_Lg1
434,0.95,OneBillion:168.OC_Puzzle
435,0.95,OneBillion:169.OC_TalkingHead
436,0.95,OneBillion:170.OC_Th2
437,0.95,OneBillion:175.OC_Sm3b
438,0.95,OneBillion:177.OC_ReadingReadToMeNTx.xr-ourfamily
439,0.95,OneBillion:178.OC_ReadingReadToMeNTx.xr-ourfamily
440,0.95,OneBillion:179.OC_Counting4To6_S4
441,0.95,OneBillion:18.OC_Puzzle
442,0.95,OneBillion:180.OC_Counting4To6_S5
443,0.95,OneBillion:181.OC_Th2
444,0.95,OneBillion:182.OC_Sm2
445,0.95,OneBillion:183.OC_Lg1
446,0.95,OneBillion:184.OC_Mgp
447,0.95,OneBillion:185.OC_LetterTrace
448,0.95,OneBillion:187.OC_Puzzle
449,0.95,OneBillion:189.OC_Sm3a
450,0.95,OneBillion:19.OC_Th2
451,0.95,OneBillion:190.OC_ReadingReadToMeNTx.xr-rain
452,0.95,OneBillion:191.OC_ReadingReadToMeNTx.xr-rain
453,0.95,OneBillion:193.OC_Counting4To6_S4
454,0.95,OneBillion:194.OC_Counting4To6_S5
455,0.95,OneBillion:195.OC_Counting4To6_S6
456,0.95,OneBillion:196.OC_Sm2
457,0.95,OneBillion:197.OC_Th2
458,0.95,OneBillion:198.OC_LetterTrace
459,0.95,OneBillion:20.OC_Th2
460,0.95,OneBillion:200.OC_Mgp
461,0.95,OneBillion:201.OC_LetterTrace
462,0.95,OneBillion:203.OC_Puzzle
463,0.95,OneBillion:205.OC_Lg1
464,0.95,OneBillion:206.OC_ReadingReadToMeNTx.xr-dayzoo
465,0.95,OneBillion:207.OC_ReadingReadToMeNTx.xr-dayzoo
466,0.95,OneBillion:208.OC_Counting4To6_S4
467,0.95,OneBillion:209.OC_Counting4To6_S6
468,0.95,OneBillion:21.OC_Mgp
469,0.95,OneBillion:210.OC_Counting4To6_S7
470,0.95,OneBillion:211.OC_Th2
471,0.95,OneBillion:213.OC_LetterTrace
472,0.95,OneBillion:215.OC_Mgp
473,0.95,OneBillion:216.OC_LetterTrace
474,0.95,OneBillion:218.OC_Puzzle
475,0.95,OneBillion:22.OC_LetterTrace
476,0.95,OneBillion:220.OC_Lg1
477,0.95,OneBillion:221.OC_Sm3a
478,0.95,OneBillion:222.OC_ReadingReadToMeNTx.xr-malookaloo
479,0.95,OneBillion:223.OC_ReadingReadToMeNTx.xr-malookaloo
480,0.95,OneBillion:224.OC_Counting7To10_S1
481,0.95,OneBillion:225.OC_Counting7To10_S2
482,0.95,OneBillion:226.OC_Th2
483,0.95,OneBillion:227.OC_Sm2
484,0.95,OneBillion:228.OC_LetterTrace
485,0.95,OneBillion:232.OC_Puzzle
486,0.95,OneBillion:233.OC_Lg1
487,0.95,OneBillion:236.OC_Sm3a
488,0.95,OneBillion:237.OC_ReadingReadToMeNTx.xr-funwithpaint
489,0.95,OneBillion:238.OC_ReadingReadToMeNTx.xr-funwithpaint
490,0.95,OneBillion:239.OC_Counting7To10_S3
491,0.95,OneBillion:24.OC_Puzzle
492,0.95,OneBillion:240.OC_Counting7To10_S4
493,0.95,OneBillion:242.OC_Lg1
494,0.95,OneBillion:244.OC_Mwyh1
495,0.95,OneBillion:245.OC_Crdw
496,0.95,OneBillion:249.OC_Lg1
497,0.95,OneBillion:250.OC_Th2
498,0.95,OneBillion:252.OC_ReadingReadToMeNTx.xr-liketoread
499,0.95,OneBillion:254.OC_Counting7To10_S2
500,0.95,OneBillion:255.OC_Counting7To10_S4
501,0.95,OneBillion:256.OC_Lg1
502,0.95,OneBillion:257.OC_Crdw
503,0.95,OneBillion:258.OC_Th2
504,0.95,OneBillion:259.OC_Mwyh1
505,0.95,OneBillion:26.OC_Sm3a
506,0.95,OneBillion:261.OC_TalkingHead
507,0.95,OneBillion:267.OC_ReadingReadToMeNTx.xr-temboumbrella
508,0.95,OneBillion:269.OC_Counting7To10_S4
509,0.95,OneBillion:27.OC_ReadingReadToMeNTx.xr-averytallman
510,0.95,OneBillion:270.OC_Counting7To10_S5
511,0.95,OneBillion:271.OC_Th2
512,0.95,OneBillion:272.OC_Sm2
513,0.95,OneBillion:273.OC_Mgp
514,0.95,OneBillion:274.OC_LetterTrace
515,0.95,OneBillion:276.OC_Puzzle
516,0.95,OneBillion:279.OC_TalkingHead
517,0.95,OneBillion:28.OC_ReadingReadToMeNTx.xr-averytallman
518,0.95,OneBillion:280.OC_Sm3a
519,0.95,OneBillion:281.OC_ReadingReadToMeNTx.xr-teeth
520,0.95,OneBillion:282.OC_ReadingReadToMeNTx.xr-teeth
521,0.95,OneBillion:283.OC_Counting7To10_S3
522,0.95,OneBillion:284.OC_Counting7To10_S6
523,0.95,OneBillion:285.OC_Counting7To10_S7
524,0.95,OneBillion:287.OC_LetterTrace
525,0.95,OneBillion:289.OC_Mgp
526,0.95,OneBillion:29.OC_Sorting_S4
527,0.95,OneBillion:290.OC_LetterTrace
528,0.95,OneBillion:292.OC_Puzzle
529,0.95,OneBillion:294.OC_Sm3a
530,0.95,OneBillion:295.OC_Lg1
531,0.95,OneBillion:296.OC_ReadingReadToMeNTx.xr-manwhosneezedloudly
532,0.95,OneBillion:297.OC_ReadingReadToMeNTx.xr-manwhosneezedloudly
533,0.95,OneBillion:298.OC_Numbers1To10_S1
534,0.95,OneBillion:299.OC_Numbers1To10_S2
535,0.95,OneBillion:3.OC_Puzzle
536,0.95,OneBillion:30.OC_Sorting_S5
537,0.95,OneBillion:300.OC_Numbers1To10_S3
538,0.95,OneBillion:301.OC_Crdw
539,0.95,OneBillion:302.OC_Th2
540,0.95,OneBillion:303.OC_LetterTrace
541,0.95,OneBillion:305.OC_Mgp
542,0.95,OneBillion:306.OC_LetterTrace
543,0.95,OneBillion:308.OC_Puzzle
544,0.95,OneBillion:310.OC_Sm3a
545,0.95,OneBillion:311.OC_Lg1
546,0.95,OneBillion:314.OC_Numbers1To10_S1
547,0.95,OneBillion:315.OC_Numbers1To10_S4
548,0.95,OneBillion:316.OC_Th2
549,0.95,OneBillion:317.OC_Sm2
550,0.95,OneBillion:318.OC_Lg1
551,0.95,OneBillion:319.OC_LetterTrace
552,0.95,OneBillion:324.OC_Puzzle
553,0.95,OneBillion:325.OC_Lg1
554,0.95,OneBillion:326.OC_Sm3a
555,0.95,OneBillion:33.OC_LetterTrace
556,0.95,OneBillion:330.OC_Numbers1To10_S5
557,0.95,OneBillion:331.OC_Lg1
558,0.95,OneBillion:333.OC_Mwyh1
559,0.95,OneBillion:336.OC_Crdw
560,0.95,OneBillion:338.OC_TalkingHead
561,0.95,OneBillion:339.OC_Th2
562,0.95,OneBillion:340.OC_Sm3b
563,0.95,OneBillion:345.OC_Numbers1To10_S6
564,0.95,OneBillion:346.OC_Mwyh1
565,0.95,OneBillion:347.OC_Lg1
566,0.95,OneBillion:348.OC_Crdw
567,0.95,OneBillion:35.OC_Puzzle
568,0.95,OneBillion:350.OC_Th2
569,0.95,OneBillion:356.OC_Lg1
570,0.95,OneBillion:36.OC_Th2
571,0.95,OneBillion:360.OC_Numbers1To10_S7
572,0.95,OneBillion:362.OC_Mgp
573,0.95,OneBillion:363.OC_LetterTrace
574,0.95,OneBillion:365.OC_Puzzle
575,0.95,OneBillion:367.OC_Sm3a
576,0.95,OneBillion:368.OC_Pws1
577,0.95,OneBillion:369.OC_Lg1
578,0.95,OneBillion:37.OC_Mgp
579,0.95,OneBillion:373.OC_Numbers1To10_S3
580,0.95,OneBillion:374.OC_Lg3
581,0.95,OneBillion:375.OC_MissingNumbers
582,0.95,OneBillion:378.OC_Crdw
583,0.95,OneBillion:379.OC_LetterTrace
584,0.95,OneBillion:38.OC_LetterTrace
585,0.95,OneBillion:380.OC_Mgp
586,0.95,OneBillion:381.OC_LetterTrace
587,0.95,OneBillion:383.OC_Puzzle
588,0.95,OneBillion:385.OC_Sm3a
589,0.95,OneBillion:388.OC_Numbers1To10_S4
590,0.95,OneBillion:389.OC_MissingNumbers
591,0.95,OneBillion:390.OC_MissingNumbers
592,0.95,OneBillion:391.OC_Pws1
593,0.95,OneBillion:394.OC_Lg1
594,0.95,OneBillion:396.OC_Segblend3
595,0.95,OneBillion:4.OC_Th2
596,0.95,OneBillion:40.OC_Puzzle
597,0.95,OneBillion:402.OC_Numbers1To10_S5
598,0.95,OneBillion:403.OC_AddTakeAway_S1
599,0.95,OneBillion:404.OC_AddTakeAway_S2
600,0.95,OneBillion:406.OC_Mgp
601,0.95,OneBillion:410.OC_Lg1
602,0.95,OneBillion:411.OC_Segblend3
603,0.95,OneBillion:419.OC_AddTakeAway_S3
604,0.95,OneBillion:42.OC_ReadingReadToMeNTx.xr-bestfriend
605,0.95,OneBillion:420.OC_AddTakeAway_S4
606,0.95,OneBillion:421.OC_Lg1
607,0.95,OneBillion:423.OC_Mwyh1
608,0.95,OneBillion:425.OC_Pws3
609,0.95,OneBillion:426.OC_Mgp
610,0.95,OneBillion:427.OC_LetterTrace
611,0.95,OneBillion:429.OC_Puzzle
612,0.95,OneBillion:43.OC_ReadingReadToMeNTx.xr-bestfriend
613,0.95,OneBillion:431.OC_Sm3a
614,0.95,OneBillion:434.OC_AddTakeAway_S3
615,0.95,OneBillion:435.OC_AddTakeAway_S4
616,0.95,OneBillion:436.OC_LetterTrace
617,0.95,OneBillion:437.OC_Crdw
618,0.95,OneBillion:438.OC_Segblend3
619,0.95,OneBillion:439.OC_Mgp
620,0.95,OneBillion:44.OC_CountingTo3_S1
621,0.95,OneBillion:440.OC_LetterTrace
622,0.95,OneBillion:442.OC_Puzzle
623,0.95,OneBillion:444.OC_Sm3a
624,0.95,OneBillion:447.OC_AddTakeAway_S5
625,0.95,OneBillion:448.OC_AddTakeAway_S6
626,0.95,OneBillion:449.OC_Lg3
627,0.95,OneBillion:45.OC_CountingTo3_S2
628,0.95,OneBillion:450.OC_MissingNumbers
629,0.95,OneBillion:451.OC_LetterTrace
630,0.95,OneBillion:455.OC_Mgp
631,0.95,OneBillion:456.OC_LetterTrace
632,0.95,OneBillion:458.OC_Puzzle
633,0.95,OneBillion:460.OC_Sm3a
634,0.95,OneBillion:463.OC_AddTakeAway_S7
635,0.95,OneBillion:464.OC_Cwys1
636,0.95,OneBillion:465.OC_MissingNumbers
637,0.95,OneBillion:466.OC_Lg1
638,0.95,OneBillion:468.OC_Segblend3
639,0.95,OneBillion:469.OC_Mwyh1
640,0.95,OneBillion:474.OC_TalkingHead
641,0.95,OneBillion:475.OC_Sm3c
642,0.95,OneBillion:479.OC_AddTakeAway_S4
643,0.95,OneBillion:48.OC_LetterTrace
644,0.95,OneBillion:480.OC_AddTakeAway_S5
645,0.95,OneBillion:481.OC_Lg1
646,0.95,OneBillion:482.OC_Crdw
647,0.95,OneBillion:483.OC_Pws3
648,0.95,OneBillion:484.OC_Mgp
649,0.95,OneBillion:485.OC_LetterTrace
650,0.95,OneBillion:487.OC_Puzzle
651,0.95,OneBillion:489.OC_Sm3a
652,0.95,OneBillion:490.OC_TalkingHead
653,0.95,OneBillion:493.OC_Count20_S1
654,0.95,OneBillion:494.OC_Count20_S2
655,0.95,OneBillion:495.OC_CountingPractice
656,0.95,OneBillion:497.OC_Segblend3
657,0.95,OneBillion:498.OC_Mwyh1
658,0.95,OneBillion:5.OC_Sm2
659,0.95,OneBillion:50.OC_Th2
660,0.95,OneBillion:500.OC_Mgp
661,0.95,OneBillion:501.OC_Segblend3
662,0.95,OneBillion:503.OC_Lg1
663,0.95,OneBillion:508.OC_Count20_S3
664,0.95,OneBillion:509.OC_CountingPractice
665,0.95,OneBillion:51.OC_Mgp
666,0.95,OneBillion:510.OC_Cwys1
667,0.95,OneBillion:511.OC_Crdw
668,0.95,OneBillion:512.OC_Pws1
669,0.95,OneBillion:515.OC_Mgp
670,0.95,OneBillion:516.OC_LetterTrace
671,0.95,OneBillion:518.OC_Puzzle
672,0.95,OneBillion:52.OC_LetterTrace
673,0.95,OneBillion:520.OC_Sm3a
674,0.95,OneBillion:523.OC_Count20_S4
675,0.95,OneBillion:524.OC_Cwys1
676,0.95,OneBillion:525.OC_CountingPractice
677,0.95,OneBillion:527.OC_Segblend3
678,0.95,OneBillion:528.OC_Mwyh1
679,0.95,OneBillion:532.OC_Mgp
680,0.95,OneBillion:533.OC_Segblend3
681,0.95,OneBillion:534.OC_Mwyh1
682,0.95,OneBillion:538.OC_Count20_S5
683,0.95,OneBillion:539.OC_Lg3
684,0.95,OneBillion:54.OC_Puzzle
685,0.95,OneBillion:540.OC_MissingNumbers
686,0.95,OneBillion:541.OC_Pws1
687,0.95,OneBillion:547.OC_Mgp
688,0.95,OneBillion:549.OC_Segblend3
689,0.95,OneBillion:550.OC_Mwyh1
690,0.95,OneBillion:553.OC_Count20_S1
691,0.95,OneBillion:554.OC_Count20_S6
692,0.95,OneBillion:555.OC_MissingNumbers
693,0.95,OneBillion:557.OC_Pws1
694,0.95,OneBillion:559.OC_Spell2
695,0.95,OneBillion:56.OC_Lg1
696,0.95,OneBillion:561.OC_Pws1
697,0.95,OneBillion:569.OC_MissingNumbers
698,0.95,OneBillion:57.OC_ReadingReadToMeNTx.xr-someonelikeme
699,0.95,OneBillion:570.OC_MissingNumbers
700,0.95,OneBillion:571.OC_Pws1
701,0.95,OneBillion:572.OC_Crdw
702,0.95,OneBillion:573.OC_Puzzle
703,0.95,OneBillion:574.OC_Segblend3
704,0.95,OneBillion:575.OC_Mwyh1
705,0.95,OneBillion:58.OC_ReadingReadToMeNTx.xr-someonelikeme
706,0.95,OneBillion:583.OC_Cwys1
707,0.95,OneBillion:584.OC_CountingPractice
708,0.95,OneBillion:585.OC_MissingNumbers
709,0.95,OneBillion:586.OC_Pws1
710,0.95,OneBillion:587.OC_Lg1
711,0.95,OneBillion:59.OC_CountingTo3_S3
712,0.95,OneBillion:591.OC_Pws1
713,0.95,OneBillion:592.OC_Crdw
714,0.95,OneBillion:594.OC_Segblend3
715,0.95,OneBillion:595.OC_Mwyh1
716,0.95,OneBillion:6.OC_Th2
717,0.95,OneBillion:60.OC_CountingTo3_S4
718,0.95,OneBillion:600.OC_Lg3
719,0.95,OneBillion:601.OC_Mgp
720,0.95,OneBillion:602.OC_LetterTrace
721,0.95,OneBillion:606.OC_Segblend3
722,0.95,OneBillion:607.OC_Mwyh1
723,0.95,OneBillion:61.OC_Sm2
724,0.95,OneBillion:615.OC_MissingNumbers
725,0.95,OneBillion:616.OC_Mgp
726,0.95,OneBillion:617.OC_LetterTrace
727,0.95,OneBillion:62.OC_Th2
728,0.95,OneBillion:621.OC_Segblend3
729,0.95,OneBillion:622.OC_Mwyh1
730,0.95,OneBillion:630.OC_MissingNumbers
731,0.95,OneBillion:631.OC_Mgp
732,0.95,OneBillion:632.OC_LetterTrace
733,0.95,OneBillion:635.OC_Pws1
734,0.95,OneBillion:636.OC_Lg1
735,0.95,OneBillion:639.OC_Sm3c
736,0.95,OneBillion:645.OC_MissingNumbers
737,0.95,OneBillion:646.OC_Lg1
738,0.95,OneBillion:647.OC_Pws1
739,0.95,OneBillion:648.OC_Crdw
740,0.95,OneBillion:649.OC_Segblend3
741,0.95,OneBillion:650.OC_Mwyh1
742,0.95,OneBillion:653.OC_Sm3c
743,0.95,OneBillion:658.OC_Cwys1
744,0.95,OneBillion:659.OC_CountMore_S3
745,0.95,OneBillion:66.OC_Puzzle
746,0.95,OneBillion:660.OC_CountingPractice
747,0.95,OneBillion:661.OC_Mgp
748,0.95,OneBillion:667.OC_Segblend3
749,0.95,OneBillion:668.OC_Mwyh1
750,0.95,OneBillion:67.OC_Lg1
751,0.95,OneBillion:674.OC_CountMore_S4
752,0.95,OneBillion:675.OC_MissingNumbers
753,0.95,OneBillion:676.OC_Mgp
754,0.95,OneBillion:677.OC_LetterTrace
755,0.95,OneBillion:682.OC_Segblend3
756,0.95,OneBillion:683.OC_Mwyh1
757,0.95,OneBillion:689.OC_CountMore_S5
758,0.95,OneBillion:69.OC_Sm3a
759,0.95,OneBillion:690.OC_CountingPractice
760,0.95,OneBillion:691.OC_Mgp
761,0.95,OneBillion:692.OC_LetterTrace
762,0.95,OneBillion:696.OC_Segblend3
763,0.95,OneBillion:697.OC_Mwyh1
764,0.95,OneBillion:7.OC_Puzzle
765,0.95,OneBillion:70.OC_ReadingReadToMeNTx.xr-littlesock
766,0.95,OneBillion:704.OC_CountingPractice
767,0.95,OneBillion:705.OC_MissingNumbers
768,0.95,OneBillion:706.OC_Lg1
769,0.95,OneBillion:707.OC_Pws1
770,0.95,OneBillion:708.OC_Crdw
771,0.95,OneBillion:709.OC_Segblend3
772,0.95,OneBillion:71.OC_ReadingReadToMeNTx.xr-littlesock
773,0.95,OneBillion:710.OC_Mwyh1
774,0.95,OneBillion:711.OC_Sm3c
775,0.95,OneBillion:717.OC_MissingNumbers
776,0.95,OneBillion:718.OC_MissingNumbers
777,0.95,OneBillion:72.OC_Sorting_S6
778,0.95,OneBillion:720.OC_Lg3
779,0.95,OneBillion:721.OC_Mgp
780,0.95,OneBillion:722.OC_Segblend3
781,0.95,OneBillion:724.OC_Lg1
782,0.95,OneBillion:727.OC_Crdw
783,0.95,OneBillion:729.OC_Pws1
784,0.95,OneBillion:73.OC_Sorting_S7
785,0.95,OneBillion:732.OC_SentenceRead
786,0.95,OneBillion:733.OC_Counting5and10_S1
787,0.95,OneBillion:734.OC_CountingPractice
788,0.95,OneBillion:737.OC_Segblend3
789,0.95,OneBillion:739.OC_Lg1
790,0.95,OneBillion:74.OC_CountingTo3_S4
791,0.95,OneBillion:742.OC_Crdw
792,0.95,OneBillion:744.OC_Pws1
793,0.95,OneBillion:747.OC_SentenceRead
794,0.95,OneBillion:748.OC_Counting5and10_S1
795,0.95,OneBillion:749.OC_Counting5and10_S2
796,0.95,OneBillion:75.OC_CountingTo3_S5
797,0.95,OneBillion:751.OC_Mgp
798,0.95,OneBillion:752.OC_Segblend3
799,0.95,OneBillion:753.OC_Mwyh1
800,0.95,OneBillion:754.OC_Lg1
801,0.95,OneBillion:757.OC_Crdw
802,0.95,OneBillion:759.OC_Pws1
803,0.95,OneBillion:76.OC_Th2
804,0.95,OneBillion:762.OC_SentenceRead
805,0.95,OneBillion:763.OC_Counting5and10_S2
806,0.95,OneBillion:764.OC_MissingNumbers
807,0.95,OneBillion:766.OC_Mgp
808,0.95,OneBillion:767.OC_Mwyh1
809,0.95,OneBillion:768.OC_Lg1
810,0.95,OneBillion:77.OC_Th2
811,0.95,OneBillion:771.OC_Crdw
812,0.95,OneBillion:773.OC_SentenceRead
813,0.95,OneBillion:774.OC_Pws1
814,0.95,OneBillion:777.OC_Counting5and10_S3
815,0.95,OneBillion:778.OC_CountingPractice
816,0.95,OneBillion:78.OC_Sm2
817,0.95,OneBillion:781.OC_Mgp
818,0.95,OneBillion:782.OC_Mwyh1
819,0.95,OneBillion:783.OC_Lg1
820,0.95,OneBillion:786.OC_Crdw
821,0.95,OneBillion:788.OC_SentenceRead
822,0.95,OneBillion:789.OC_Pws1
823,0.95,OneBillion:79.OC_Mgp
824,0.95,OneBillion:792.OC_Lg3
825,0.95,OneBillion:796.OC_Mgp
826,0.95,OneBillion:797.OC_Segblend3
827,0.95,OneBillion:798.OC_Mwyh1
828,0.95,OneBillion:799.OC_Lg1
829,0.95,OneBillion:8.OC_Th2
830,0.95,OneBillion:80.OC_LetterTrace
831,0.95,OneBillion:802.OC_Crdw
832,0.95,OneBillion:803.OC_SentenceRead
833,0.95,OneBillion:804.OC_Pws1
834,0.95,OneBillion:807.OC_TalkingHead
835,0.95,OneBillion:809.OC_MissingNumbers
836,0.95,OneBillion:812.OC_Mgp
837,0.95,OneBillion:813.OC_Mwyh1
838,0.95,OneBillion:814.OC_Lg1
839,0.95,OneBillion:817.OC_Crdw
840,0.95,OneBillion:818.OC_Pws1
841,0.95,OneBillion:82.OC_Puzzle
842,0.95,OneBillion:821.OC_Counting5and10_S4
843,0.95,OneBillion:822.OC_CountingPractice
844,0.95,OneBillion:823.OC_Lg3
845,0.95,OneBillion:826.OC_Mgp
846,0.95,OneBillion:828.OC_Mwyh1
847,0.95,OneBillion:829.OC_Lg1
848,0.95,OneBillion:832.OC_Crdw
849,0.95,OneBillion:833.OC_Pws1
850,0.95,OneBillion:836.OC_SentenceRead
851,0.95,OneBillion:837.OC_Counting5and10_S4
852,0.95,OneBillion:838.OC_MissingNumbers
853,0.95,OneBillion:84.OC_Sm3a
854,0.95,OneBillion:843.OC_Mwyh1
855,0.95,OneBillion:844.OC_Lg1
856,0.95,OneBillion:846.OC_Crdw
857,0.95,OneBillion:85.OC_ReadingReadToMeNTx.xr-myfriends
858,0.95,OneBillion:850.OC_PhraseMake
859,0.95,OneBillion:851.OC_SentenceRead
860,0.95,OneBillion:853.OC_CountingPractice
861,0.95,OneBillion:854.OC_Counting5and10_S5
862,0.95,OneBillion:857.OC_Mwyh1
863,0.95,OneBillion:86.OC_ReadingReadToMeNTx.xr-myfriends
864,0.95,OneBillion:866.OC_SentenceRead
865,0.95,OneBillion:867.OC_Lg3
866,0.95,OneBillion:868.OC_MissingNumbers
867,0.95,OneBillion:87.OC_CountingTo3_S3
868,0.95,OneBillion:872.OC_Mwyh1
869,0.95,OneBillion:876.OC_Crdw
870,0.95,OneBillion:878.OC_Pws1
871,0.95,OneBillion:88.OC_CountingTo3_S4
872,0.95,OneBillion:881.OC_Counting5and10_S5
873,0.95,OneBillion:882.OC_MissingNumbers
874,0.95,OneBillion:883.OC_Lg3
875,0.95,OneBillion:886.OC_Mgp
876,0.95,OneBillion:887.OC_Mwyh1
877,0.95,OneBillion:888.OC_Lg1
878,0.95,OneBillion:891.OC_Crdw
879,0.95,OneBillion:896.OC_Lg3
880,0.95,OneBillion:897.OC_Counting5and10_S6
881,0.95,OneBillion:9.OC_Sm2
882,0.95,OneBillion:902.OC_Mwyh1
883,0.95,OneBillion:903.OC_Lg1
884,0.95,OneBillion:906.OC_Crdw
885,0.95,OneBillion:908.OC_Pws1
886,0.95,OneBillion:91.OC_LetterTrace
887,0.95,OneBillion:910.OC_Lg1
888,0.95,OneBillion:912.OC_Cwys1
889,0.95,OneBillion:913.OC_CountingPractice
890,0.95,OneBillion:917.OC_Mgp
891,0.95,OneBillion:918.OC_Mwyh1
892,0.95,OneBillion:919.OC_Lg1
893,0.95,OneBillion:922.OC_Crdw
894,0.95,OneBillion:924.OC_Pws1
895,0.95,OneBillion:927.OC_CountingPractice
896,0.95,OneBillion:928.OC_MissingNumbers
897,0.95,OneBillion:93.OC_Mgp
898,0.95,OneBillion:931.OC_Mgp
899,0.95,OneBillion:932.OC_Mwyh1
900,0.95,OneBillion:933.OC_Lg1
901,0.95,OneBillion:936.OC_Crdw
902,0.95,OneBillion:938.OC_Pws1
903,0.95,OneBillion:94.OC_LetterTrace
904,0.95,OneBillion:941.OC_CountingPractice
905,0.95,OneBillion:942.OC_MissingNumbers
906,0.95,OneBillion:943.OC_Lg3
907,0.95,OneBillion:946.OC_Lg1
908,0.95,OneBillion:948.OC_Mwyh1
909,0.95,OneBillion:949.OC_Lg1
910,0.95,OneBillion:952.OC_Crdw
911,0.95,OneBillion:957.OC_SentenceRead
912,0.95,OneBillion:958.OC_MissingNumbers
913,0.95,OneBillion:959.OC_Lg3
914,0.95,OneBillion:96.OC_Puzzle
915,0.95,OneBillion:961.OC_Pws1
916,0.95,OneBillion:962.OC_Mwyh1
917,0.95,OneBillion:963.OC_PhraseMake
918,0.95,OneBillion:967.OC_TalkingHead
919,0.95,OneBillion:968.OC_Lg1
920,0.95,OneBillion:969.OC_Lg1
921,0.95,OneBillion:970.OC_Patterns_S1
922,0.95,OneBillion:971.OC_Patterns_S2
923,0.95,OneBillion:973.OC_SentenceRead
924,0.95,OneBillion:976.OC_Pws1
925,0.95,OneBillion:979.OC_Crdw
926,0.95,OneBillion:98.OC_Sm3a
927,0.95,OneBillion:983.OC_TalkingHead
928,0.95,OneBillion:985.OC_Lg1
929,0.95,OneBillion:99.OC_Lg1
930,0.95,OneBillion:991.OC_Crdw
931,0.95,OneBillion:993.OC_Mwyh1
932,0.95,OneBillion:997.OC_TalkingHead
933,0.95,OneBillion:998.OC_Lg1
934,0.95,OneBillion:999.OC_Lg1
935,0.95,OneCourse:OC_2dShapes_S1.32bf
936,0.95,OneCourse:OC_2dShapes_S3.cb62
937,0.95,OneCourse:OC_2dShapes_S3n.a928
938,0.95,OneCourse:OC_2dShapes_S4.507c
939,0.95,OneCourse:OC_2dShapes_S5.0f06
940,0.95,OneCourse:OC_2dShapes_S5p.78ae
941,0.95,OneCourse:OC_2dShapes_S6.2d1a
942,0.95,OneCourse:OC_Count100_S1.c439
943,0.95,OneCourse:OC_Count100_S1i.501d
944,0.95,OneCourse:OC_Count100_S2.382c
945,0.95,OneCourse:OC_Count20_S1.93f6
946,0.95,OneCourse:OC_Count20_S2.d769
947,0.95,OneCourse:OC_Count20_S4.c38c
948,0.95,OneCourse:OC_Count20_S6.e336
949,0.95,OneCourse:OC_CountingPractice.18f3
950,0.95,OneCourse:OC_CountingPractice.4eb3
951,0.95,OneCourse:OC_CountingPractice.5ae3
952,0.95,OneCourse:OC_CountingPractice.74bd
953,0.95,OneCourse:OC_CountingPractice.a51d
954,0.95,OneCourse:OC_CountingPractice.e1e1
955,0.95,OneCourse:OC_CountingPractice.f023
956,0.95,OneCourse:OC_CountingTo3_S1.1e95
957,0.95,OneCourse:OC_CountingTo3_S2.1fec
958,0.95,OneCourse:OC_CountingTo3_S3.f2c4
959,0.95,OneCourse:OC_CountingTo3_S7nt.4fd3
960,0.95,OneCourse:OC_Crdp_fun.32f6
961,0.95,OneCourse:OC_Crdp_fun.4e02
962,0.95,OneCourse:OC_Crdp_fun.65a2
963,0.95,OneCourse:OC_Crdp_fun.a3d4
964,0.95,OneCourse:OC_Crdp_fun.d18f
965,0.95,OneCourse:OC_Crdp_fun.decd
966,0.95,OneCourse:OC_Crdp_fun.e0fd
967,0.95,OneCourse:OC_Cwys1.63fc
968,0.95,OneCourse:OC_Cwys1.6812
969,0.95,OneCourse:OC_EquationWithPic.bf93
970,0.95,OneCourse:OC_Grid33S.2a7b
971,0.95,OneCourse:OC_Hw2.0f86
972,0.95,OneCourse:OC_Lg5.3de5
973,0.95,OneCourse:OC_Lg5.79d8
974,0.95,OneCourse:OC_Lg6.5b82
975,0.95,OneCourse:OC_Lg6.eba1
976,0.95,OneCourse:OC_ListeningComprehension.0178
977,0.95,OneCourse:OC_ListeningComprehension.0acf
978,0.95,OneCourse:OC_ListeningComprehension.0be0
979,0.95,OneCourse:OC_ListeningComprehension.2120
980,0.95,OneCourse:OC_ListeningComprehension.3e52
981,0.95,OneCourse:OC_ListeningComprehension.5b1c
982,0.95,OneCourse:OC_ListeningComprehension.5be4
983,0.95,OneCourse:OC_ListeningComprehension.839c
984,0.95,OneCourse:OC_ListeningComprehension.8f06
985,0.95,OneCourse:OC_ListeningComprehension.8f91
986,0.95,OneCourse:OC_ListeningComprehension.9eb3
987,0.95,OneCourse:OC_ListeningComprehension.b58a
988,0.95,OneCourse:OC_ListeningComprehension.c1be
989,0.95,OneCourse:OC_ListeningComprehension.c388
990,0.95,OneCourse:OC_ListeningComprehension.c9c1
991,0.95,OneCourse:OC_ListeningComprehension.d75a
992,0.95,OneCourse:OC_ListeningComprehension.ede4
993,0.95,OneCourse:OC_ListeningComprehension.fc4a
994,0.95,OneCourse:OC_Mgp.1a98
995,0.95,OneCourse:OC_Mgp.2bb4
996,0.95,OneCourse:OC_Mgp.5534
997,0.95,OneCourse:OC_Mgp.5e9e
998,0.95,OneCourse:OC_Mgp.8b82
999,0.95,OneCourse:OC_Mgp.bad8
1000,0.95,OneCourse:OC_Mgp.ea9a
1001,0.95,OneCourse:OC_MissingNumbers.3689
1002,0.95,OneCourse:OC_MissingNumbers.44ac
1003,0.95,OneCourse:OC_MissingNumbers.513c
1004,0.95,OneCourse:OC_MissingNumbers.55e1
1005,0.95,OneCourse:OC_MissingNumbers.73e0
1006,0.95,OneCourse:OC_MissingNumbers.8b0d
1007,0.95,OneCourse:OC_MissingNumbers.908c
1008,0.95,OneCourse:OC_MissingNumbers.9122
1009,0.95,OneCourse:OC_MissingNumbers.9447
1010,0.95,OneCourse:OC_MissingNumbers.ec19
1011,0.95,OneCourse:OC_MissingNumbers.fce6
1012,0.95,OneCourse:OC_MoreNumbers_S3.4e79
1013,0.95,OneCourse:OC_OnsetAndRime.8c96
1014,0.95,OneCourse:OC_Patterns_S2.d863
1015,0.95,OneCourse:OC_Pbn.40ed
1016,0.95,OneCourse:OC_PhraseRead.5aaf
1017,0.95,OneCourse:OC_PhraseRead.833b
1018,0.95,OneCourse:OC_PhraseRead.8d9e
1019,0.95,OneCourse:OC_PhraseRead.a320
1020,0.95,OneCourse:OC_PhraseRead.b513
1021,0.95,OneCourse:OC_PhraseRead.f10a
1022,0.95,OneCourse:OC_PhraseSentenceType.4dd8
1023,0.95,OneCourse:OC_PhraseSentenceType.5dd1
1024,0.95,OneCourse:OC_PhraseSentenceType.7864
1025,0.95,OneCourse:OC_PhraseSentenceType.df02
1026,0.95,OneCourse:OC_Puzzle.44b9
1027,0.95,OneCourse:OC_PuzzleTouch.8526
1028,0.95,OneCourse:OC_PuzzleTouch.9088
1029,0.95,OneCourse:OC_PuzzleTouch.98c5
1030,0.95,OneCourse:OC_ReadingReadToMeNTx.534c
1031,0.95,OneCourse:OC_ReadingReadToMeNTx.91ef
1032,0.95,OneCourse:OC_ReadingReadToMeNTx.9f99
1033,0.95,OneCourse:OC_ReadingReadToMeNTx.a348
1034,0.95,OneCourse:OC_ReadingReadToMeNTx.ad5c
1035,0.95,OneCourse:OC_ReadingReadToMeNTx.b13d
1036,0.95,OneCourse:OC_ReadingReadToMeNTx.dae8
1037,0.95,OneCourse:OC_SentenceRead.e791
1038,0.95,OneCourse:OC_SentenceRead.fa51
1039,0.95,OneCourse:OC_Shapes_S3.382d
1040,0.95,OneCourse:OC_Shapes_S6.c42c
1041,0.95,OneCourse:OC_Sharing_S1.e7b2
1042,0.95,OneCourse:OC_Sharing_S2.ccb4
1043,0.95,OneCourse:OC_Sharing_S3.77c1
1044,0.95,OneCourse:OC_Sm2.2097
1045,0.95,OneCourse:OC_Sm2.2136
1046,0.95,OneCourse:OC_Sm2.40f1
1047,0.95,OneCourse:OC_Sm2.9fec
1048,0.95,OneCourse:OC_Sm2.aab1
1049,0.95,OneCourse:OC_Sm2.df5a
1050,0.95,OneCourse:OC_Sm2.e42a
1051,0.95,OneCourse:OC_Sm2.eda2
1052,0.95,OneCourse:OC_Sm2.f6ca
1053,0.95,OneCourse:OC_Sm2.f74b
1054,0.95,OneCourse:OC_Sm3a.1aa6
1055,0.95,OneCourse:OC_Sm3a.26d2
1056,0.95,OneCourse:OC_Sm3b.266d
1057,0.95,OneCourse:OC_Sm3b.5a54
1058,0.95,OneCourse:OC_Sm3b.e26d
1059,0.95,OneCourse:OC_Sorting_S1.a720
1060,0.95,OneCourse:OC_Sorting_S1_fun.e91b
1061,0.95,OneCourse:OC_Sorting_S2.da43
1062,0.95,OneCourse:OC_Sorting_S2_fun.0786
1063,0.95,OneCourse:OC_Sorting_S3.1c0d
1064,0.95,OneCourse:OC_Sorting_S3.9e92
1065,0.95,OneCourse:OC_Sorting_S4.50b3
1066,0.95,OneCourse:OC_Sorting_S5.e612
1067,0.95,OneCourse:OC_Sorting_S5_fun.82e3
1068,0.95,OneCourse:OC_Sorting_S6.d909
1069,0.95,OneCourse:OC_TalkingHead.1dac
1070,0.95,OneCourse:OC_TalkingHead.2360
1071,0.95,OneCourse:OC_TalkingHead.23de
1072,0.95,OneCourse:OC_TalkingHead.5352
1073,0.95,OneCourse:OC_TalkingHead.5a16
1074,0.95,OneCourse:OC_TalkingHead.a5dd
1075,0.95,OneCourse:OC_TalkingHead.ce7e
1076,0.95,OneCourse:OC_Th2.2539
1077,0.95,OneCourse:OC_Th2.25c5
1078,0.95,OneCourse:OC_Th2.49a1
1079,0.95,OneCourse:OC_Th2.61ee
1080,0.95,OneCourse:OC_Th2.ebef
1081,0.95,OneCourse:OC_Where_S1.6ea2
1082,0.95,OneCourse:OC_Where_S2.0c7d
1083,0.95,OneCourse:OC_Where_S7.12ff
1084,0.95,OneCourse:OC_WordProblems.737f
1085,0.95,OneCourse:onetest.ls
1086,0.95,OneCourse:onetest.ni
1087,0.95,OneCourse:onetest.nw
1088,0.95,OneCourse:onetest.pa
1089,0.95,OneCourse:onetest.pr